case_name,aircon,ventilation,exhaust,1_x,1_y,1_z,1_angle,2_x,2_y,2_z,2_angle,3_x,3_y,3_z,3_angle,4_x,4_y,4_z,4_angle,5_x,5_y,5_z,5_angle,office_size_x,office_size_y,RoI,predict values,residuals,legend
office2_960_164_aout,960,164,1,3.78,1.265,1.255,90.0,4.76,2.74,1.255,180.0,4.76,4.19,1.255,180.0,2.84,4.59,1.255,0.0,2.84,3.14,1.255,0.0,6.0,5.5,198.9090909090909,199.839599609375,0.9305087002840935,Training:office2
office2_960_82_bout,960,82,2,3.78,1.265,1.255,90.0,4.76,2.74,1.255,180.0,4.76,4.19,1.255,180.0,2.84,4.59,1.255,0.0,2.84,3.14,1.255,0.0,6.0,5.5,220.0848484848485,220.520751953125,0.43590346827650706,Training:office2
office2_960_246_bout,960,246,2,3.78,1.265,1.255,90.0,4.76,2.74,1.255,180.0,4.76,4.19,1.255,180.0,2.84,4.59,1.255,0.0,2.84,3.14,1.255,0.0,6.0,5.5,224.3818181818182,225.257080078125,0.875261896306796,Training:office2
office2_660_164_bout,660,164,2,3.78,1.265,1.255,90.0,4.76,2.74,1.255,180.0,4.76,4.19,1.255,180.0,2.84,4.59,1.255,0.0,2.84,3.14,1.255,0.0,6.0,5.5,135.40606060606063,137.771240234375,2.3651796283143653,Training:office2
office2_0_164_bout,0,164,2,3.78,1.265,1.255,90.0,4.76,2.74,1.255,180.0,4.76,4.19,1.255,180.0,2.84,4.59,1.255,0.0,2.84,3.14,1.255,0.0,6.0,5.5,183.3272727272728,184.127685546875,0.8004128196022009,Training:office2
office2_0_82_aout,0,82,1,3.78,1.265,1.255,90.0,4.76,2.74,1.255,180.0,4.76,4.19,1.255,180.0,2.84,4.59,1.255,0.0,2.84,3.14,1.255,0.0,6.0,5.5,218.9454545454545,219.422607421875,0.4771528764204902,Training:office2
office2_960_82_aout,960,82,1,3.78,1.265,1.255,90.0,4.76,2.74,1.255,180.0,4.76,4.19,1.255,180.0,2.84,4.59,1.255,0.0,2.84,3.14,1.255,0.0,6.0,5.5,208.4848484848485,208.702880859375,0.21803237452650137,Training:office2
office2_0_246_bout,0,246,2,3.78,1.265,1.255,90.0,4.76,2.74,1.255,180.0,4.76,4.19,1.255,180.0,2.84,4.59,1.255,0.0,2.84,3.14,1.255,0.0,6.0,5.5,232.1818181818182,231.901123046875,-0.280695134943187,Training:office2
office2_0_0,0,0,3,3.78,1.265,1.255,90.0,4.76,2.74,1.255,180.0,4.76,4.19,1.255,180.0,2.84,4.59,1.255,0.0,2.84,3.14,1.255,0.0,6.0,5.5,204.2242424242424,204.143310546875,-0.08093187736739083,Training:office2
office2_0_82_bout,0,82,2,3.78,1.265,1.255,90.0,4.76,2.74,1.255,180.0,4.76,4.19,1.255,180.0,2.84,4.59,1.255,0.0,2.84,3.14,1.255,0.0,6.0,5.5,230.1393939393939,229.316162109375,-0.8232318300188979,Training:office2
office2_660_246_bout,660,246,2,3.78,1.265,1.255,90.0,4.76,2.74,1.255,180.0,4.76,4.19,1.255,180.0,2.84,4.59,1.255,0.0,2.84,3.14,1.255,0.0,6.0,5.5,175.62424242424242,173.706787109375,-1.917455314867425,Training:office2
office2_0_246_aout,0,246,1,3.78,1.265,1.255,90.0,4.76,2.74,1.255,180.0,4.76,4.19,1.255,180.0,2.84,4.59,1.255,0.0,2.84,3.14,1.255,0.0,6.0,5.5,240.43636363636364,240.514404296875,0.0780406605113626,Training:office2
office2_660_164_aout,660,164,1,3.78,1.265,1.255,90.0,4.76,2.74,1.255,180.0,4.76,4.19,1.255,180.0,2.84,4.59,1.255,0.0,2.84,3.14,1.255,0.0,6.0,5.5,222.52121212121216,219.540771484375,-2.9804406368371588,Training:office2
office2_360_82_aout,360,82,1,3.78,1.265,1.255,90.0,4.76,2.74,1.255,180.0,4.76,4.19,1.255,180.0,2.84,4.59,1.255,0.0,2.84,3.14,1.255,0.0,6.0,5.5,152.35151515151514,151.304931640625,-1.0465835108901445,Training:office2
office2_660_246_aout,660,246,1,3.78,1.265,1.255,90.0,4.76,2.74,1.255,180.0,4.76,4.19,1.255,180.0,2.84,4.59,1.255,0.0,2.84,3.14,1.255,0.0,6.0,5.5,236.830303030303,238.061767578125,1.2314645478219859,Training:office2
office2_660_82_bout,660,82,2,3.78,1.265,1.255,90.0,4.76,2.74,1.255,180.0,4.76,4.19,1.255,180.0,2.84,4.59,1.255,0.0,2.84,3.14,1.255,0.0,6.0,5.5,202.8242424242424,201.551513671875,-1.2727287523674136,Training:office2
office2_360_164_aout,360,164,1,3.78,1.265,1.255,90.0,4.76,2.74,1.255,180.0,4.76,4.19,1.255,180.0,2.84,4.59,1.255,0.0,2.84,3.14,1.255,0.0,6.0,5.5,201.7454545454545,204.910400390625,3.1649458451705073,Training:office2
office2_360_0,360,0,3,3.78,1.265,1.255,90.0,4.76,2.74,1.255,180.0,4.76,4.19,1.255,180.0,2.84,4.59,1.255,0.0,2.84,3.14,1.255,0.0,6.0,5.5,223.0848484848485,223.355224609375,0.27037612452650706,Training:office2
office2_960_0,960,0,3,3.78,1.265,1.255,90.0,4.76,2.74,1.255,180.0,4.76,4.19,1.255,180.0,2.84,4.59,1.255,0.0,2.84,3.14,1.255,0.0,6.0,5.5,228.04242424242423,227.862060546875,-0.18036369554923226,Training:office2
office2_660_82_aout,660,82,1,3.78,1.265,1.255,90.0,4.76,2.74,1.255,180.0,4.76,4.19,1.255,180.0,2.84,4.59,1.255,0.0,2.84,3.14,1.255,0.0,6.0,5.5,212.3939393939394,213.248779296875,0.8548399029355949,Training:office2
office2_0_164_aout,0,164,1,3.78,1.265,1.255,90.0,4.76,2.74,1.255,180.0,4.76,4.19,1.255,180.0,2.84,4.59,1.255,0.0,2.84,3.14,1.255,0.0,6.0,5.5,238.3454545454545,237.807373046875,-0.5380814985794871,Training:office2
office2_360_246_bout,360,246,2,3.78,1.265,1.255,90.0,4.76,2.74,1.255,180.0,4.76,4.19,1.255,180.0,2.84,4.59,1.255,0.0,2.84,3.14,1.255,0.0,6.0,5.5,230.8787878787879,232.317138671875,1.4383507930870962,Training:office2
office2_960_246_aout,960,246,1,3.78,1.265,1.255,90.0,4.76,2.74,1.255,180.0,4.76,4.19,1.255,180.0,2.84,4.59,1.255,0.0,2.84,3.14,1.255,0.0,6.0,5.5,216.87878787878785,217.145751953125,0.2669640743371531,Training:office2
office2_960_164_bout,960,164,2,3.78,1.265,1.255,90.0,4.76,2.74,1.255,180.0,4.76,4.19,1.255,180.0,2.84,4.59,1.255,0.0,2.84,3.14,1.255,0.0,6.0,5.5,188.86060606060605,187.967529296875,-0.8930767637310453,Training:office2
office2_360_246_aout,360,246,1,3.78,1.265,1.255,90.0,4.76,2.74,1.255,180.0,4.76,4.19,1.255,180.0,2.84,4.59,1.255,0.0,2.84,3.14,1.255,0.0,6.0,5.5,200.72727272727275,199.645751953125,-1.081520774147748,Training:office2
office2_360_164_bout,360,164,2,3.78,1.265,1.255,90.0,4.76,2.74,1.255,180.0,4.76,4.19,1.255,180.0,2.84,4.59,1.255,0.0,2.84,3.14,1.255,0.0,6.0,5.5,182.45454545454547,180.096923828125,-2.3576216264204675,Training:office2
office2_660_0,660,0,3,3.78,1.265,1.255,90.0,4.76,2.74,1.255,180.0,4.76,4.19,1.255,180.0,2.84,4.59,1.255,0.0,2.84,3.14,1.255,0.0,6.0,5.5,210.7333333333333,210.641357421875,-0.09197591145829165,Training:office2
office2_360_82_bout,360,82,2,3.78,1.265,1.255,90.0,4.76,2.74,1.255,180.0,4.76,4.19,1.255,180.0,2.84,4.59,1.255,0.0,2.84,3.14,1.255,0.0,6.0,5.5,222.9272727272727,224.656005859375,1.7287331321022918,Training:office2
office8_360_164_bout,360,164,2,0.56,3.016,1.255,90.0,2.01,3.016,1.255,90.0,0.94,0.984,1.255,270.0,2.39,0.984,1.255,270.0,3.84,0.984,1.255,270.0,9.0,4.0,139.15555555555557,134.8936767578125,-4.261878797743066,Training:office8
office8_660_246_aout,660,246,1,0.56,3.016,1.255,90.0,2.01,3.016,1.255,90.0,0.94,0.984,1.255,270.0,2.39,0.984,1.255,270.0,3.84,0.984,1.255,270.0,9.0,4.0,174.6277777777778,177.0382080078125,2.410430230034706,Training:office8
office8_660_82_bout,660,82,2,0.56,3.016,1.255,90.0,2.01,3.016,1.255,90.0,0.94,0.984,1.255,270.0,2.39,0.984,1.255,270.0,3.84,0.984,1.255,270.0,9.0,4.0,169.18333333333334,167.2989501953125,-1.8843831380208371,Training:office8
office8_660_82_aout,660,82,1,0.56,3.016,1.255,90.0,2.01,3.016,1.255,90.0,0.94,0.984,1.255,270.0,2.39,0.984,1.255,270.0,3.84,0.984,1.255,270.0,9.0,4.0,169.78888888888886,172.5177001953125,2.728811306423637,Training:office8
office8_660_164_bout,660,164,2,0.56,3.016,1.255,90.0,2.01,3.016,1.255,90.0,0.94,0.984,1.255,270.0,2.39,0.984,1.255,270.0,3.84,0.984,1.255,270.0,9.0,4.0,168.5888888888889,173.5255126953125,4.936623806423597,Training:office8
office8_0_164_aout,0,164,1,0.56,3.016,1.255,90.0,2.01,3.016,1.255,90.0,0.94,0.984,1.255,270.0,2.39,0.984,1.255,270.0,3.84,0.984,1.255,270.0,9.0,4.0,166.4611111111111,165.5489501953125,-0.9121609157986086,Training:office8
office8_0_82_aout,0,82,1,0.56,3.016,1.255,90.0,2.01,3.016,1.255,90.0,0.94,0.984,1.255,270.0,2.39,0.984,1.255,270.0,3.84,0.984,1.255,270.0,9.0,4.0,151.0888888888889,151.5440673828125,0.4551784939235972,Training:office8
office8_660_164_aout,660,164,1,0.56,3.016,1.255,90.0,2.01,3.016,1.255,90.0,0.94,0.984,1.255,270.0,2.39,0.984,1.255,270.0,3.84,0.984,1.255,270.0,9.0,4.0,167.36666666666665,162.9854736328125,-4.381193033854146,Training:office8
office8_660_246_bout,660,246,2,0.56,3.016,1.255,90.0,2.01,3.016,1.255,90.0,0.94,0.984,1.255,270.0,2.39,0.984,1.255,270.0,3.84,0.984,1.255,270.0,9.0,4.0,177.9388888888889,175.6251220703125,-2.313766818576397,Training:office8
office8_360_246_bout,360,246,2,0.56,3.016,1.255,90.0,2.01,3.016,1.255,90.0,0.94,0.984,1.255,270.0,2.39,0.984,1.255,270.0,3.84,0.984,1.255,270.0,9.0,4.0,153.32222222222222,155.1661376953125,1.8439154730902771,Training:office8
office8_960_82_aout,960,82,1,0.56,3.016,1.255,90.0,2.01,3.016,1.255,90.0,0.94,0.984,1.255,270.0,2.39,0.984,1.255,270.0,3.84,0.984,1.255,270.0,9.0,4.0,177.69444444444443,176.1329345703125,-1.5615098741319287,Training:office8
office8_360_82_bout,360,82,2,0.56,3.016,1.255,90.0,2.01,3.016,1.255,90.0,0.94,0.984,1.255,270.0,2.39,0.984,1.255,270.0,3.84,0.984,1.255,270.0,9.0,4.0,157.21666666666667,159.3057861328125,2.0891194661458314,Training:office8
office8_360_82_aout,360,82,1,0.56,3.016,1.255,90.0,2.01,3.016,1.255,90.0,0.94,0.984,1.255,270.0,2.39,0.984,1.255,270.0,3.84,0.984,1.255,270.0,9.0,4.0,149.2388888888889,147.8057861328125,-1.4331027560764085,Training:office8
office8_0_0,0,0,3,0.56,3.016,1.255,90.0,2.01,3.016,1.255,90.0,0.94,0.984,1.255,270.0,2.39,0.984,1.255,270.0,3.84,0.984,1.255,270.0,9.0,4.0,153.75555555555553,153.7237548828125,-0.031800672743031555,Training:office8
office8_960_164_bout,960,164,2,0.56,3.016,1.255,90.0,2.01,3.016,1.255,90.0,0.94,0.984,1.255,270.0,2.39,0.984,1.255,270.0,3.84,0.984,1.255,270.0,9.0,4.0,171.5,170.1778564453125,-1.3221435546875,Training:office8
office8_0_246_aout,0,246,1,0.56,3.016,1.255,90.0,2.01,3.016,1.255,90.0,0.94,0.984,1.255,270.0,2.39,0.984,1.255,270.0,3.84,0.984,1.255,270.0,9.0,4.0,163.66666666666669,163.9649658203125,0.2982991536458144,Training:office8
office8_360_164_aout,360,164,1,0.56,3.016,1.255,90.0,2.01,3.016,1.255,90.0,0.94,0.984,1.255,270.0,2.39,0.984,1.255,270.0,3.84,0.984,1.255,270.0,9.0,4.0,147.03333333333336,150.8653564453125,3.83202311197914,Training:office8
office8_360_0,360,0,3,0.56,3.016,1.255,90.0,2.01,3.016,1.255,90.0,0.94,0.984,1.255,270.0,2.39,0.984,1.255,270.0,3.84,0.984,1.255,270.0,9.0,4.0,157.33888888888887,157.8155517578125,0.47666286892362564,Training:office8
office8_0_82_bout,0,82,2,0.56,3.016,1.255,90.0,2.01,3.016,1.255,90.0,0.94,0.984,1.255,270.0,2.39,0.984,1.255,270.0,3.84,0.984,1.255,270.0,9.0,4.0,158.79444444444442,157.3282470703125,-1.466197374131923,Training:office8
office8_960_246_aout,960,246,1,0.56,3.016,1.255,90.0,2.01,3.016,1.255,90.0,0.94,0.984,1.255,270.0,2.39,0.984,1.255,270.0,3.84,0.984,1.255,270.0,9.0,4.0,192.5611111111111,192.6065673828125,0.0454562717013971,Training:office8
office8_960_164_aout,960,164,1,0.56,3.016,1.255,90.0,2.01,3.016,1.255,90.0,0.94,0.984,1.255,270.0,2.39,0.984,1.255,270.0,3.84,0.984,1.255,270.0,9.0,4.0,163.37222222222223,164.4149169921875,1.0426947699652658,Training:office8
office8_0_164_bout,0,164,2,0.56,3.016,1.255,90.0,2.01,3.016,1.255,90.0,0.94,0.984,1.255,270.0,2.39,0.984,1.255,270.0,3.84,0.984,1.255,270.0,9.0,4.0,149.52777777777777,150.8270263671875,1.2992485894097285,Training:office8
office8_0_246_bout,0,246,2,0.56,3.016,1.255,90.0,2.01,3.016,1.255,90.0,0.94,0.984,1.255,270.0,2.39,0.984,1.255,270.0,3.84,0.984,1.255,270.0,9.0,4.0,154.89444444444445,154.9271240234375,0.03267957899305429,Training:office8
office8_960_82_bout,960,82,2,0.56,3.016,1.255,90.0,2.01,3.016,1.255,90.0,0.94,0.984,1.255,270.0,2.39,0.984,1.255,270.0,3.84,0.984,1.255,270.0,9.0,4.0,168.5222222222222,169.6671142578125,1.1448920355902885,Training:office8
office8_660_0,660,0,3,0.56,3.016,1.255,90.0,2.01,3.016,1.255,90.0,0.94,0.984,1.255,270.0,2.39,0.984,1.255,270.0,3.84,0.984,1.255,270.0,9.0,4.0,165.1222222222222,165.0655517578125,-0.0566704644097058,Training:office8
office8_360_246_aout,360,246,1,0.56,3.016,1.255,90.0,2.01,3.016,1.255,90.0,0.94,0.984,1.255,270.0,2.39,0.984,1.255,270.0,3.84,0.984,1.255,270.0,9.0,4.0,168.82222222222222,165.7374267578125,-3.084795464409723,Training:office8
office8_960_0,960,0,3,0.56,3.016,1.255,90.0,2.01,3.016,1.255,90.0,0.94,0.984,1.255,270.0,2.39,0.984,1.255,270.0,3.84,0.984,1.255,270.0,9.0,4.0,175.42222222222222,175.7012939453125,0.27907172309028283,Training:office8
office8_960_246_bout,960,246,2,0.56,3.016,1.255,90.0,2.01,3.016,1.255,90.0,0.94,0.984,1.255,270.0,2.39,0.984,1.255,270.0,3.84,0.984,1.255,270.0,9.0,4.0,183.7888888888889,184.0870361328125,0.2981472439236086,Training:office8
office15_360_164_bout,360,164,2,3.166,3.99,1.255,0.0,3.166,2.54,1.255,0.0,1.266,4.69,1.255,0.0,1.266,3.24,1.255,0.0,1.266,1.79,1.255,0.0,7.0,6.0,119.26666666666664,114.7667236328125,-4.499943033854137,Training:office15
office15_660_246_aout,660,246,1,3.166,3.99,1.255,0.0,3.166,2.54,1.255,0.0,1.266,4.69,1.255,0.0,1.266,3.24,1.255,0.0,1.266,1.79,1.255,0.0,7.0,6.0,153.90476190476193,156.6412353515625,2.7364734468005736,Training:office15
office15_660_82_bout,660,82,2,3.166,3.99,1.255,0.0,3.166,2.54,1.255,0.0,1.266,4.69,1.255,0.0,1.266,3.24,1.255,0.0,1.266,1.79,1.255,0.0,7.0,6.0,147.2904761904762,144.3658447265625,-2.9246314639136983,Training:office15
office15_660_82_aout,660,82,1,3.166,3.99,1.255,0.0,3.166,2.54,1.255,0.0,1.266,4.69,1.255,0.0,1.266,3.24,1.255,0.0,1.266,1.79,1.255,0.0,7.0,6.0,146.8904761904762,148.8331298828125,1.9426536923363074,Training:office15
office15_660_164_bout,660,164,2,3.166,3.99,1.255,0.0,3.166,2.54,1.255,0.0,1.266,4.69,1.255,0.0,1.266,3.24,1.255,0.0,1.266,1.79,1.255,0.0,7.0,6.0,136.33809523809526,141.5196533203125,5.1815580822172365,Training:office15
office15_0_164_aout,0,164,1,3.166,3.99,1.255,0.0,3.166,2.54,1.255,0.0,1.266,4.69,1.255,0.0,1.266,3.24,1.255,0.0,1.266,1.79,1.255,0.0,7.0,6.0,144.42857142857142,143.1944580078125,-1.2341134207589164,Training:office15
office15_0_82_aout,0,82,1,3.166,3.99,1.255,0.0,3.166,2.54,1.255,0.0,1.266,4.69,1.255,0.0,1.266,3.24,1.255,0.0,1.266,1.79,1.255,0.0,7.0,6.0,146.20476190476194,147.5108642578125,1.3061023530505622,Training:office15
office15_660_164_aout,660,164,1,3.166,3.99,1.255,0.0,3.166,2.54,1.255,0.0,1.266,4.69,1.255,0.0,1.266,3.24,1.255,0.0,1.266,1.79,1.255,0.0,7.0,6.0,158.27619047619046,152.1129150390625,-6.1632754371279646,Training:office15
office15_660_246_bout,660,246,2,3.166,3.99,1.255,0.0,3.166,2.54,1.255,0.0,1.266,4.69,1.255,0.0,1.266,3.24,1.255,0.0,1.266,1.79,1.255,0.0,7.0,6.0,149.65714285714284,146.6754150390625,-2.981727818080344,Training:office15
office15_360_246_bout,360,246,2,3.166,3.99,1.255,0.0,3.166,2.54,1.255,0.0,1.266,4.69,1.255,0.0,1.266,3.24,1.255,0.0,1.266,1.79,1.255,0.0,7.0,6.0,129.1952380952381,132.4747314453125,3.2794933500744037,Training:office15
office15_960_82_aout,960,82,1,3.166,3.99,1.255,0.0,3.166,2.54,1.255,0.0,1.266,4.69,1.255,0.0,1.266,3.24,1.255,0.0,1.266,1.79,1.255,0.0,7.0,6.0,147.56666666666666,147.0782470703125,-0.4884195963541629,Training:office15
office15_360_82_bout,360,82,2,3.166,3.99,1.255,0.0,3.166,2.54,1.255,0.0,1.266,4.69,1.255,0.0,1.266,3.24,1.255,0.0,1.266,1.79,1.255,0.0,7.0,6.0,124.1904761904762,126.7325439453125,2.542067754836296,Training:office15
office15_360_82_aout,360,82,1,3.166,3.99,1.255,0.0,3.166,2.54,1.255,0.0,1.266,4.69,1.255,0.0,1.266,3.24,1.255,0.0,1.266,1.79,1.255,0.0,7.0,6.0,153.38571428571427,150.7183837890625,-2.667330496651772,Training:office15
office15_0_0,0,0,3,3.166,3.99,1.255,0.0,3.166,2.54,1.255,0.0,1.266,4.69,1.255,0.0,1.266,3.24,1.255,0.0,1.266,1.79,1.255,0.0,7.0,6.0,128.07619047619045,127.8140869140625,-0.2621035621279475,Training:office15
office15_960_164_bout,960,164,2,3.166,3.99,1.255,0.0,3.166,2.54,1.255,0.0,1.266,4.69,1.255,0.0,1.266,3.24,1.255,0.0,1.266,1.79,1.255,0.0,7.0,6.0,155.14285714285717,153.4063720703125,-1.7364850725446672,Training:office15
office15_0_246_aout,0,246,1,3.166,3.99,1.255,0.0,3.166,2.54,1.255,0.0,1.266,4.69,1.255,0.0,1.266,3.24,1.255,0.0,1.266,1.79,1.255,0.0,7.0,6.0,170.4190476190476,170.4215087890625,0.002461170014896652,Training:office15
office15_360_164_aout,360,164,1,3.166,3.99,1.255,0.0,3.166,2.54,1.255,0.0,1.266,4.69,1.255,0.0,1.266,3.24,1.255,0.0,1.266,1.79,1.255,0.0,7.0,6.0,143.60476190476192,148.6773681640625,5.072606259300585,Training:office15
office15_360_0,360,0,3,3.166,3.99,1.255,0.0,3.166,2.54,1.255,0.0,1.266,4.69,1.255,0.0,1.266,3.24,1.255,0.0,1.266,1.79,1.255,0.0,7.0,6.0,125.63809523809525,126.3375244140625,0.6994291759672535,Training:office15
office15_0_82_bout,0,82,2,3.166,3.99,1.255,0.0,3.166,2.54,1.255,0.0,1.266,4.69,1.255,0.0,1.266,3.24,1.255,0.0,1.266,1.79,1.255,0.0,7.0,6.0,134.31428571428577,133.2681884765625,-1.0460972377232736,Training:office15
office15_960_246_aout,960,246,1,3.166,3.99,1.255,0.0,3.166,2.54,1.255,0.0,1.266,4.69,1.255,0.0,1.266,3.24,1.255,0.0,1.266,1.79,1.255,0.0,7.0,6.0,167.0142857142857,166.1529541015625,-0.8613316127232054,Training:office15
office15_960_164_aout,960,164,1,3.166,3.99,1.255,0.0,3.166,2.54,1.255,0.0,1.266,4.69,1.255,0.0,1.266,3.24,1.255,0.0,1.266,1.79,1.255,0.0,7.0,6.0,153.57142857142858,156.1944580078125,2.6230294363839164,Training:office15
office15_0_164_bout,0,164,2,3.166,3.99,1.255,0.0,3.166,2.54,1.255,0.0,1.266,4.69,1.255,0.0,1.266,3.24,1.255,0.0,1.266,1.79,1.255,0.0,7.0,6.0,149.2190476190476,150.5714111328125,1.3523635137649137,Training:office15
office15_0_246_bout,0,246,2,3.166,3.99,1.255,0.0,3.166,2.54,1.255,0.0,1.266,4.69,1.255,0.0,1.266,3.24,1.255,0.0,1.266,1.79,1.255,0.0,7.0,6.0,136.64761904761903,135.7755126953125,-0.8721063523065311,Training:office15
office15_960_82_bout,960,82,2,3.166,3.99,1.255,0.0,3.166,2.54,1.255,0.0,1.266,4.69,1.255,0.0,1.266,3.24,1.255,0.0,1.266,1.79,1.255,0.0,7.0,6.0,155.7809523809524,157.1280517578125,1.3470993768600863,Training:office15
office15_660_0,660,0,3,3.166,3.99,1.255,0.0,3.166,2.54,1.255,0.0,1.266,4.69,1.255,0.0,1.266,3.24,1.255,0.0,1.266,1.79,1.255,0.0,7.0,6.0,148.4190476190476,147.9239501953125,-0.49509742373510335,Training:office15
office15_360_246_aout,360,246,1,3.166,3.99,1.255,0.0,3.166,2.54,1.255,0.0,1.266,4.69,1.255,0.0,1.266,3.24,1.255,0.0,1.266,1.79,1.255,0.0,7.0,6.0,143.85238095238094,142.3878173828125,-1.4645635695684405,Training:office15
office15_960_0,960,0,3,3.166,3.99,1.255,0.0,3.166,2.54,1.255,0.0,1.266,4.69,1.255,0.0,1.266,3.24,1.255,0.0,1.266,1.79,1.255,0.0,7.0,6.0,149.96190476190478,149.9283447265625,-0.03356003534227625,Training:office15
office15_960_246_bout,960,246,2,3.166,3.99,1.255,0.0,3.166,2.54,1.255,0.0,1.266,4.69,1.255,0.0,1.266,3.24,1.255,0.0,1.266,1.79,1.255,0.0,7.0,6.0,152.73809523809524,153.4346923828125,0.6965971447172592,Training:office15
office9_360_164_bout,360,164,2,1.266,2.39,1.255,0.0,1.266,0.94,1.255,0.0,3.016,2.39,1.255,0.0,3.016,0.94,1.255,0.0,4.766,0.94,1.255,0.0,9.0,4.0,175.20555555555555,176.2149658203125,1.0094102647569514,Training:office9
office9_660_246_aout,660,246,1,1.266,2.39,1.255,0.0,1.266,0.94,1.255,0.0,3.016,2.39,1.255,0.0,3.016,0.94,1.255,0.0,4.766,0.94,1.255,0.0,9.0,4.0,192.06666666666663,191.7003173828125,-0.36634928385413446,Training:office9
office9_660_82_bout,660,82,2,1.266,2.39,1.255,0.0,1.266,0.94,1.255,0.0,3.016,2.39,1.255,0.0,3.016,0.94,1.255,0.0,4.766,0.94,1.255,0.0,9.0,4.0,182.52777777777777,182.5411376953125,0.013359917534728538,Training:office9
office9_660_82_aout,660,82,1,1.266,2.39,1.255,0.0,1.266,0.94,1.255,0.0,3.016,2.39,1.255,0.0,3.016,0.94,1.255,0.0,4.766,0.94,1.255,0.0,9.0,4.0,198.05,197.1065673828125,-0.9434326171875114,Training:office9
office9_660_164_bout,660,164,2,1.266,2.39,1.255,0.0,1.266,0.94,1.255,0.0,3.016,2.39,1.255,0.0,3.016,0.94,1.255,0.0,4.766,0.94,1.255,0.0,9.0,4.0,197.0833333333333,196.2091064453125,-0.874226888020786,Training:office9
office9_0_164_aout,0,164,1,1.266,2.39,1.255,0.0,1.266,0.94,1.255,0.0,3.016,2.39,1.255,0.0,3.016,0.94,1.255,0.0,4.766,0.94,1.255,0.0,9.0,4.0,151.4111111111111,151.2325439453125,-0.17856716579859722,Training:office9
office9_0_82_aout,0,82,1,1.266,2.39,1.255,0.0,1.266,0.94,1.255,0.0,3.016,2.39,1.255,0.0,3.016,0.94,1.255,0.0,4.766,0.94,1.255,0.0,9.0,4.0,150.47222222222223,150.0216064453125,-0.45061577690972854,Training:office9
office9_660_164_aout,660,164,1,1.266,2.39,1.255,0.0,1.266,0.94,1.255,0.0,3.016,2.39,1.255,0.0,3.016,0.94,1.255,0.0,4.766,0.94,1.255,0.0,9.0,4.0,189.62222222222223,191.4678955078125,1.8456732855902658,Training:office9
office9_660_246_bout,660,246,2,1.266,2.39,1.255,0.0,1.266,0.94,1.255,0.0,3.016,2.39,1.255,0.0,3.016,0.94,1.255,0.0,4.766,0.94,1.255,0.0,9.0,4.0,181.88888888888889,183.6046142578125,1.7157253689236143,Training:office9
office9_360_246_bout,360,246,2,1.266,2.39,1.255,0.0,1.266,0.94,1.255,0.0,3.016,2.39,1.255,0.0,3.016,0.94,1.255,0.0,4.766,0.94,1.255,0.0,9.0,4.0,183.71666666666667,182.3370361328125,-1.3796305338541686,Training:office9
office9_960_82_aout,960,82,1,1.266,2.39,1.255,0.0,1.266,0.94,1.255,0.0,3.016,2.39,1.255,0.0,3.016,0.94,1.255,0.0,4.766,0.94,1.255,0.0,9.0,4.0,211.32777777777773,211.8135986328125,0.485820855034774,Training:office9
office9_360_82_bout,360,82,2,1.266,2.39,1.255,0.0,1.266,0.94,1.255,0.0,3.016,2.39,1.255,0.0,3.016,0.94,1.255,0.0,4.766,0.94,1.255,0.0,9.0,4.0,179.2,177.8546142578125,-1.3453857421874886,Training:office9
office9_360_82_aout,360,82,1,1.266,2.39,1.255,0.0,1.266,0.94,1.255,0.0,3.016,2.39,1.255,0.0,3.016,0.94,1.255,0.0,4.766,0.94,1.255,0.0,9.0,4.0,165.83333333333331,166.9786376953125,1.1453043619791856,Training:office9
office9_0_0,0,0,3,1.266,2.39,1.255,0.0,1.266,0.94,1.255,0.0,3.016,2.39,1.255,0.0,3.016,0.94,1.255,0.0,4.766,0.94,1.255,0.0,9.0,4.0,159.5222222222222,159.3458251953125,-0.17639702690971149,Training:office9
office9_960_164_bout,960,164,2,1.266,2.39,1.255,0.0,1.266,0.94,1.255,0.0,3.016,2.39,1.255,0.0,3.016,0.94,1.255,0.0,4.766,0.94,1.255,0.0,9.0,4.0,191.4055555555556,192.6563720703125,1.250816514756906,Training:office9
office9_0_246_aout,0,246,1,1.266,2.39,1.255,0.0,1.266,0.94,1.255,0.0,3.016,2.39,1.255,0.0,3.016,0.94,1.255,0.0,4.766,0.94,1.255,0.0,9.0,4.0,189.9555555555556,190.49951171875,0.5439561631943945,Training:office9
office9_360_164_aout,360,164,1,1.266,2.39,1.255,0.0,1.266,0.94,1.255,0.0,3.016,2.39,1.255,0.0,3.016,0.94,1.255,0.0,4.766,0.94,1.255,0.0,9.0,4.0,166.6611111111111,164.83154296875,-1.8295681423610972,Training:office9
office9_360_0,360,0,3,1.266,2.39,1.255,0.0,1.266,0.94,1.255,0.0,3.016,2.39,1.255,0.0,3.016,0.94,1.255,0.0,4.766,0.94,1.255,0.0,9.0,4.0,167.82777777777778,168.6641845703125,0.8364067925347172,Training:office9
office9_0_82_bout,0,82,2,1.266,2.39,1.255,0.0,1.266,0.94,1.255,0.0,3.016,2.39,1.255,0.0,3.016,0.94,1.255,0.0,4.766,0.94,1.255,0.0,9.0,4.0,175.25555555555556,176.9464111328125,1.69085557725694,Training:office9
office9_960_246_aout,960,246,1,1.266,2.39,1.255,0.0,1.266,0.94,1.255,0.0,3.016,2.39,1.255,0.0,3.016,0.94,1.255,0.0,4.766,0.94,1.255,0.0,9.0,4.0,199.76111111111112,199.4844970703125,-0.27661404079861995,Training:office9
office9_960_164_aout,960,164,1,1.266,2.39,1.255,0.0,1.266,0.94,1.255,0.0,3.016,2.39,1.255,0.0,3.016,0.94,1.255,0.0,4.766,0.94,1.255,0.0,9.0,4.0,206.82777777777773,206.8555908203125,0.027813042534774013,Training:office9
office9_0_164_bout,0,164,2,1.266,2.39,1.255,0.0,1.266,0.94,1.255,0.0,3.016,2.39,1.255,0.0,3.016,0.94,1.255,0.0,4.766,0.94,1.255,0.0,9.0,4.0,177.05,175.9161376953125,-1.1338623046875114,Training:office9
office9_0_246_bout,0,246,2,1.266,2.39,1.255,0.0,1.266,0.94,1.255,0.0,3.016,2.39,1.255,0.0,3.016,0.94,1.255,0.0,4.766,0.94,1.255,0.0,9.0,4.0,176.17777777777778,176.3507080078125,0.17293023003472285,Training:office9
office9_960_82_bout,960,82,2,1.266,2.39,1.255,0.0,1.266,0.94,1.255,0.0,3.016,2.39,1.255,0.0,3.016,0.94,1.255,0.0,4.766,0.94,1.255,0.0,9.0,4.0,207.26111111111112,206.2901611328125,-0.97094997829862,Training:office9
office9_660_0,660,0,3,1.266,2.39,1.255,0.0,1.266,0.94,1.255,0.0,3.016,2.39,1.255,0.0,3.016,0.94,1.255,0.0,4.766,0.94,1.255,0.0,9.0,4.0,186.1833333333333,185.8819580078125,-0.3013753255208087,Training:office9
office9_360_246_aout,360,246,1,1.266,2.39,1.255,0.0,1.266,0.94,1.255,0.0,3.016,2.39,1.255,0.0,3.016,0.94,1.255,0.0,4.766,0.94,1.255,0.0,9.0,4.0,184.51111111111112,184.7198486328125,0.20873752170138005,Training:office9
office9_960_0,960,0,3,1.266,2.39,1.255,0.0,1.266,0.94,1.255,0.0,3.016,2.39,1.255,0.0,3.016,0.94,1.255,0.0,4.766,0.94,1.255,0.0,9.0,4.0,202.5888888888889,203.2550048828125,0.6661159939235972,Training:office9
office9_960_246_bout,960,246,2,1.266,2.39,1.255,0.0,1.266,0.94,1.255,0.0,3.016,2.39,1.255,0.0,3.016,0.94,1.255,0.0,4.766,0.94,1.255,0.0,9.0,4.0,216.2111111111112,215.3341064453125,-0.8770046657986938,Training:office9
office1_960_164_aout,960,164,1,4.76,2.18,1.255,180.0,3.285,3.16,1.255,270.0,1.835,3.16,1.255,270.0,1.435,1.241,1.255,90.0,2.885,1.241,1.255,90.0,6.0,5.5,157.66666666666669,162.90087890625,5.234212239583314,Training:office1
office1_0_205_aout,0,205,1,4.76,2.18,1.255,180.0,3.285,3.16,1.255,270.0,1.835,3.16,1.255,270.0,1.435,1.241,1.255,90.0,2.885,1.241,1.255,90.0,6.0,5.5,236.66060606060609,232.856201171875,-3.804404888731085,Training:office1
office1_660_41_bout,660,41,2,4.76,2.18,1.255,180.0,3.285,3.16,1.255,270.0,1.835,3.16,1.255,270.0,1.435,1.241,1.255,90.0,2.885,1.241,1.255,90.0,6.0,5.5,179.65454545454546,180.3876953125,0.7331498579545439,Training:office1
office1_960_82_bout,960,82,2,4.76,2.18,1.255,180.0,3.285,3.16,1.255,270.0,1.835,3.16,1.255,270.0,1.435,1.241,1.255,90.0,2.885,1.241,1.255,90.0,6.0,5.5,195.5939393939394,200.056396484375,4.462457090435606,Training:office1
office1_960_205_bout,960,205,2,4.76,2.18,1.255,180.0,3.285,3.16,1.255,270.0,1.835,3.16,1.255,270.0,1.435,1.241,1.255,90.0,2.885,1.241,1.255,90.0,6.0,5.5,167.34545454545454,170.485107421875,3.139652876420456,Training:office1
office1_960_246_bout,960,246,2,4.76,2.18,1.255,180.0,3.285,3.16,1.255,270.0,1.835,3.16,1.255,270.0,1.435,1.241,1.255,90.0,2.885,1.241,1.255,90.0,6.0,5.5,219.24242424242425,217.8173828125,-1.4250414299242493,Training:office1
office1_660_164_bout,660,164,2,4.76,2.18,1.255,180.0,3.285,3.16,1.255,270.0,1.835,3.16,1.255,270.0,1.435,1.241,1.255,90.0,2.885,1.241,1.255,90.0,6.0,5.5,169.5090909090909,172.609130859375,3.100039950284099,Training:office1
office1_960_205_aout,960,205,1,4.76,2.18,1.255,180.0,3.285,3.16,1.255,270.0,1.835,3.16,1.255,270.0,1.435,1.241,1.255,90.0,2.885,1.241,1.255,90.0,6.0,5.5,176.8848484848485,172.472412109375,-4.412436375473504,Training:office1
office1_0_123_bout,0,123,2,4.76,2.18,1.255,180.0,3.285,3.16,1.255,270.0,1.835,3.16,1.255,270.0,1.435,1.241,1.255,90.0,2.885,1.241,1.255,90.0,6.0,5.5,201.2969696969697,200.89599609375,-0.4009736032197111,Training:office1
office1_960_123_aout,960,123,1,4.76,2.18,1.255,180.0,3.285,3.16,1.255,270.0,1.835,3.16,1.255,270.0,1.435,1.241,1.255,90.0,2.885,1.241,1.255,90.0,6.0,5.5,217.7151515151515,218.38525390625,0.67010239109851,Training:office1
office1_0_164_bout,0,164,2,4.76,2.18,1.255,180.0,3.285,3.16,1.255,270.0,1.835,3.16,1.255,270.0,1.435,1.241,1.255,90.0,2.885,1.241,1.255,90.0,6.0,5.5,222.0606060606061,221.2666015625,-0.7940044981060908,Training:office1
office1_0_82_aout,0,82,1,4.76,2.18,1.255,180.0,3.285,3.16,1.255,270.0,1.835,3.16,1.255,270.0,1.435,1.241,1.255,90.0,2.885,1.241,1.255,90.0,6.0,5.5,188.71515151515152,187.98046875,-0.7346827651515184,Training:office1
office1_660_205_bout,660,205,2,4.76,2.18,1.255,180.0,3.285,3.16,1.255,270.0,1.835,3.16,1.255,270.0,1.435,1.241,1.255,90.0,2.885,1.241,1.255,90.0,6.0,5.5,175.9030303030303,171.071044921875,-4.831985381155306,Training:office1
office1_0_123_aout,0,123,1,4.76,2.18,1.255,180.0,3.285,3.16,1.255,270.0,1.835,3.16,1.255,270.0,1.435,1.241,1.255,90.0,2.885,1.241,1.255,90.0,6.0,5.5,218.4,217.110107421875,-1.2898925781250057,Training:office1
office1_0_41_bout,0,41,2,4.76,2.18,1.255,180.0,3.285,3.16,1.255,270.0,1.835,3.16,1.255,270.0,1.435,1.241,1.255,90.0,2.885,1.241,1.255,90.0,6.0,5.5,224.86060606060605,223.80615234375,-1.0544537168560453,Training:office1
office1_960_82_aout,960,82,1,4.76,2.18,1.255,180.0,3.285,3.16,1.255,270.0,1.835,3.16,1.255,270.0,1.435,1.241,1.255,90.0,2.885,1.241,1.255,90.0,6.0,5.5,200.939393939394,197.553955078125,-3.3854388612689945,Training:office1
office1_0_246_bout,0,246,2,4.76,2.18,1.255,180.0,3.285,3.16,1.255,270.0,1.835,3.16,1.255,270.0,1.435,1.241,1.255,90.0,2.885,1.241,1.255,90.0,6.0,5.5,211.9939393939394,212.119384765625,0.12544537168560055,Training:office1
office1_0_0,0,0,3,4.76,2.18,1.255,180.0,3.285,3.16,1.255,270.0,1.835,3.16,1.255,270.0,1.435,1.241,1.255,90.0,2.885,1.241,1.255,90.0,6.0,5.5,222.339393939394,221.80029296875,-0.5391009706440002,Training:office1
office1_0_82_bout,0,82,2,4.76,2.18,1.255,180.0,3.285,3.16,1.255,270.0,1.835,3.16,1.255,270.0,1.435,1.241,1.255,90.0,2.885,1.241,1.255,90.0,6.0,5.5,212.03030303030303,214.07080078125,2.040497750946969,Training:office1
office1_660_246_bout,660,246,2,4.76,2.18,1.255,180.0,3.285,3.16,1.255,270.0,1.835,3.16,1.255,270.0,1.435,1.241,1.255,90.0,2.885,1.241,1.255,90.0,6.0,5.5,173.2,175.19580078125,1.9958007812500114,Training:office1
office1_0_246_aout,0,246,1,4.76,2.18,1.255,180.0,3.285,3.16,1.255,270.0,1.835,3.16,1.255,270.0,1.435,1.241,1.255,90.0,2.885,1.241,1.255,90.0,6.0,5.5,220.69090909090903,220.701904296875,0.010995205965969035,Training:office1
office1_660_164_aout,660,164,1,4.76,2.18,1.255,180.0,3.285,3.16,1.255,270.0,1.835,3.16,1.255,270.0,1.435,1.241,1.255,90.0,2.885,1.241,1.255,90.0,6.0,5.5,158.23030303030302,149.203857421875,-9.02644560842802,Training:office1
office1_0_205_bout,0,205,2,4.76,2.18,1.255,180.0,3.285,3.16,1.255,270.0,1.835,3.16,1.255,270.0,1.435,1.241,1.255,90.0,2.885,1.241,1.255,90.0,6.0,5.5,221.40606060606063,224.470458984375,3.0643983783143653,Training:office1
office1_660_123_bout,660,123,2,4.76,2.18,1.255,180.0,3.285,3.16,1.255,270.0,1.835,3.16,1.255,270.0,1.435,1.241,1.255,90.0,2.885,1.241,1.255,90.0,6.0,5.5,188.27878787878788,194.203857421875,5.925069543087119,Training:office1
office1_660_246_aout,660,246,1,4.76,2.18,1.255,180.0,3.285,3.16,1.255,270.0,1.835,3.16,1.255,270.0,1.435,1.241,1.255,90.0,2.885,1.241,1.255,90.0,6.0,5.5,172.52727272727273,169.08203125,-3.445241477272731,Training:office1
office1_960_123_bout,960,123,2,4.76,2.18,1.255,180.0,3.285,3.16,1.255,270.0,1.835,3.16,1.255,270.0,1.435,1.241,1.255,90.0,2.885,1.241,1.255,90.0,6.0,5.5,195.3212121212121,189.958984375,-5.362227746212113,Training:office1
office1_660_82_bout,660,82,2,4.76,2.18,1.255,180.0,3.285,3.16,1.255,270.0,1.835,3.16,1.255,270.0,1.435,1.241,1.255,90.0,2.885,1.241,1.255,90.0,6.0,5.5,221.030303030303,213.5419921875,-7.488310842803003,Training:office1
office1_0_41_aout,0,41,1,4.76,2.18,1.255,180.0,3.285,3.16,1.255,270.0,1.835,3.16,1.255,270.0,1.435,1.241,1.255,90.0,2.885,1.241,1.255,90.0,6.0,5.5,226.7878787878788,228.348388671875,1.5605098839961897,Training:office1
office1_960_41_bout,960,41,2,4.76,2.18,1.255,180.0,3.285,3.16,1.255,270.0,1.835,3.16,1.255,270.0,1.435,1.241,1.255,90.0,2.885,1.241,1.255,90.0,6.0,5.5,240.46666666666664,238.316162109375,-2.15050455729164,Training:office1
office1_660_41_aout,660,41,1,4.76,2.18,1.255,180.0,3.285,3.16,1.255,270.0,1.835,3.16,1.255,270.0,1.435,1.241,1.255,90.0,2.885,1.241,1.255,90.0,6.0,5.5,192.88484848484848,192.1689453125,-0.7159031723484759,Training:office1
office1_660_205_aout,660,205,1,4.76,2.18,1.255,180.0,3.285,3.16,1.255,270.0,1.835,3.16,1.255,270.0,1.435,1.241,1.255,90.0,2.885,1.241,1.255,90.0,6.0,5.5,187.1757575757576,194.658203125,7.482445549242414,Training:office1
office1_960_0,960,0,3,4.76,2.18,1.255,180.0,3.285,3.16,1.255,270.0,1.835,3.16,1.255,270.0,1.435,1.241,1.255,90.0,2.885,1.241,1.255,90.0,6.0,5.5,188.1151515151515,188.54638671875,0.4312352035985043,Training:office1
office1_660_123_aout,660,123,1,4.76,2.18,1.255,180.0,3.285,3.16,1.255,270.0,1.835,3.16,1.255,270.0,1.435,1.241,1.255,90.0,2.885,1.241,1.255,90.0,6.0,5.5,159.1939393939394,158.76513671875,-0.4288026751893881,Training:office1
office1_660_82_aout,660,82,1,4.76,2.18,1.255,180.0,3.285,3.16,1.255,270.0,1.835,3.16,1.255,270.0,1.435,1.241,1.255,90.0,2.885,1.241,1.255,90.0,6.0,5.5,148.64848484848486,152.8046875,4.1562026515151445,Training:office1
office1_0_164_aout,0,164,1,4.76,2.18,1.255,180.0,3.285,3.16,1.255,270.0,1.835,3.16,1.255,270.0,1.435,1.241,1.255,90.0,2.885,1.241,1.255,90.0,6.0,5.5,219.6909090909091,222.3955078125,2.704598721590912,Training:office1
office1_960_246_aout,960,246,1,4.76,2.18,1.255,180.0,3.285,3.16,1.255,270.0,1.835,3.16,1.255,270.0,1.435,1.241,1.255,90.0,2.885,1.241,1.255,90.0,6.0,5.5,196.05454545454543,199.10888671875,3.0543412642045666,Training:office1
office1_960_41_aout,960,41,1,4.76,2.18,1.255,180.0,3.285,3.16,1.255,270.0,1.835,3.16,1.255,270.0,1.435,1.241,1.255,90.0,2.885,1.241,1.255,90.0,6.0,5.5,163.49696969696967,165.2802734375,1.7833037405303287,Training:office1
office1_960_164_bout,960,164,2,4.76,2.18,1.255,180.0,3.285,3.16,1.255,270.0,1.835,3.16,1.255,270.0,1.435,1.241,1.255,90.0,2.885,1.241,1.255,90.0,6.0,5.5,170.92727272727274,169.581298828125,-1.3459738991477366,Training:office1
office1_660_0,660,0,3,4.76,2.18,1.255,180.0,3.285,3.16,1.255,270.0,1.835,3.16,1.255,270.0,1.435,1.241,1.255,90.0,2.885,1.241,1.255,90.0,6.0,5.5,174.87878787878788,175.2188720703125,0.34008419152462466,Training:office1
office6_360_164_bout,360,164,2,4.734,0.81,1.255,180.0,4.734,2.26,1.255,180.0,4.734,3.71,1.255,180.0,2.984,2.26,1.255,180.0,2.984,0.81,1.255,180.0,6.0,5.5,172.92121212121214,176.437744140625,3.516532019412864,Training:office6
office6_660_246_aout,660,246,1,4.734,0.81,1.255,180.0,4.734,2.26,1.255,180.0,4.734,3.71,1.255,180.0,2.984,2.26,1.255,180.0,2.984,0.81,1.255,180.0,6.0,5.5,207.2363636363636,205.002197265625,-2.234166370738592,Training:office6
office6_660_82_bout,660,82,2,4.734,0.81,1.255,180.0,4.734,2.26,1.255,180.0,4.734,3.71,1.255,180.0,2.984,2.26,1.255,180.0,2.984,0.81,1.255,180.0,6.0,5.5,211.3454545454545,213.340087890625,1.994633345170513,Training:office6
office6_660_82_aout,660,82,1,4.734,0.81,1.255,180.0,4.734,2.26,1.255,180.0,4.734,3.71,1.255,180.0,2.984,2.26,1.255,180.0,2.984,0.81,1.255,180.0,6.0,5.5,208.5757575757576,208.009765625,-0.5659919507575921,Training:office6
office6_660_164_bout,660,164,2,4.734,0.81,1.255,180.0,4.734,2.26,1.255,180.0,4.734,3.71,1.255,180.0,2.984,2.26,1.255,180.0,2.984,0.81,1.255,180.0,6.0,5.5,205.0727272727273,202.64404296875,-2.428684303977292,Training:office6
office6_0_164_aout,0,164,1,4.734,0.81,1.255,180.0,4.734,2.26,1.255,180.0,4.734,3.71,1.255,180.0,2.984,2.26,1.255,180.0,2.984,0.81,1.255,180.0,6.0,5.5,185.1636363636364,185.145751953125,-0.017884410511413762,Training:office6
office6_0_82_aout,0,82,1,4.734,0.81,1.255,180.0,4.734,2.26,1.255,180.0,4.734,3.71,1.255,180.0,2.984,2.26,1.255,180.0,2.984,0.81,1.255,180.0,6.0,5.5,143.96363636363637,143.392333984375,-0.5713023792613683,Training:office6
office6_660_164_aout,660,164,1,4.734,0.81,1.255,180.0,4.734,2.26,1.255,180.0,4.734,3.71,1.255,180.0,2.984,2.26,1.255,180.0,2.984,0.81,1.255,180.0,6.0,5.5,190.8,194.8798828125,4.079882812499989,Training:office6
office6_660_246_bout,660,246,2,4.734,0.81,1.255,180.0,4.734,2.26,1.255,180.0,4.734,3.71,1.255,180.0,2.984,2.26,1.255,180.0,2.984,0.81,1.255,180.0,6.0,5.5,206.8181818181818,208.19921875,1.381036931818187,Training:office6
office6_360_246_bout,360,246,2,4.734,0.81,1.255,180.0,4.734,2.26,1.255,180.0,4.734,3.71,1.255,180.0,2.984,2.26,1.255,180.0,2.984,0.81,1.255,180.0,6.0,5.5,199.52121212121213,197.694091796875,-1.8271203243371303,Training:office6
office6_960_82_aout,960,82,1,4.734,0.81,1.255,180.0,4.734,2.26,1.255,180.0,4.734,3.71,1.255,180.0,2.984,2.26,1.255,180.0,2.984,0.81,1.255,180.0,6.0,5.5,199.7636363636364,199.60791015625,-0.15572620738640808,Training:office6
office6_360_82_bout,360,82,2,4.734,0.81,1.255,180.0,4.734,2.26,1.255,180.0,4.734,3.71,1.255,180.0,2.984,2.26,1.255,180.0,2.984,0.81,1.255,180.0,6.0,5.5,187.3696969696969,186.1708984375,-1.1987985321968893,Training:office6
office6_360_82_aout,360,82,1,4.734,0.81,1.255,180.0,4.734,2.26,1.255,180.0,4.734,3.71,1.255,180.0,2.984,2.26,1.255,180.0,2.984,0.81,1.255,180.0,6.0,5.5,170.5212121212121,172.813720703125,2.292508581912898,Training:office6
office6_0_0,0,0,3,4.734,0.81,1.255,180.0,4.734,2.26,1.255,180.0,4.734,3.71,1.255,180.0,2.984,2.26,1.255,180.0,2.984,0.81,1.255,180.0,6.0,5.5,162.64848484848486,163.581787109375,0.9333022608901445,Training:office6
office6_960_164_bout,960,164,2,4.734,0.81,1.255,180.0,4.734,2.26,1.255,180.0,4.734,3.71,1.255,180.0,2.984,2.26,1.255,180.0,2.984,0.81,1.255,180.0,6.0,5.5,214.2848484848485,215.584228515625,1.29938003077649,Training:office6
office6_0_246_aout,0,246,1,4.734,0.81,1.255,180.0,4.734,2.26,1.255,180.0,4.734,3.71,1.255,180.0,2.984,2.26,1.255,180.0,2.984,0.81,1.255,180.0,6.0,5.5,161.9030303030303,162.763916015625,0.860885712594694,Training:office6
office6_360_164_aout,360,164,1,4.734,0.81,1.255,180.0,4.734,2.26,1.255,180.0,4.734,3.71,1.255,180.0,2.984,2.26,1.255,180.0,2.984,0.81,1.255,180.0,6.0,5.5,196.2969696969697,194.00341796875,-2.293551728219711,Training:office6
office6_360_0,360,0,3,4.734,0.81,1.255,180.0,4.734,2.26,1.255,180.0,4.734,3.71,1.255,180.0,2.984,2.26,1.255,180.0,2.984,0.81,1.255,180.0,6.0,5.5,159.92727272727274,159.363525390625,-0.5637473366477366,Training:office6
office6_0_82_bout,0,82,2,4.734,0.81,1.255,180.0,4.734,2.26,1.255,180.0,4.734,3.71,1.255,180.0,2.984,2.26,1.255,180.0,2.984,0.81,1.255,180.0,6.0,5.5,159.33939393939394,158.14013671875,-1.1992572206439434,Training:office6
office6_960_246_aout,960,246,1,4.734,0.81,1.255,180.0,4.734,2.26,1.255,180.0,4.734,3.71,1.255,180.0,2.984,2.26,1.255,180.0,2.984,0.81,1.255,180.0,6.0,5.5,225.3818181818182,224.077880859375,-1.303937322443204,Training:office6
office6_960_164_aout,960,164,1,4.734,0.81,1.255,180.0,4.734,2.26,1.255,180.0,4.734,3.71,1.255,180.0,2.984,2.26,1.255,180.0,2.984,0.81,1.255,180.0,6.0,5.5,227.88484848484845,226.964111328125,-0.9207371567234475,Training:office6
office6_0_164_bout,0,164,2,4.734,0.81,1.255,180.0,4.734,2.26,1.255,180.0,4.734,3.71,1.255,180.0,2.984,2.26,1.255,180.0,2.984,0.81,1.255,180.0,6.0,5.5,148.87878787878788,147.188232421875,-1.6905554569128753,Training:office6
office6_0_246_bout,0,246,2,4.734,0.81,1.255,180.0,4.734,2.26,1.255,180.0,4.734,3.71,1.255,180.0,2.984,2.26,1.255,180.0,2.984,0.81,1.255,180.0,6.0,5.5,130.75757575757575,131.0810546875,0.3234789299242493,Training:office6
office6_960_82_bout,960,82,2,4.734,0.81,1.255,180.0,4.734,2.26,1.255,180.0,4.734,3.71,1.255,180.0,2.984,2.26,1.255,180.0,2.984,0.81,1.255,180.0,6.0,5.5,197.1090909090909,195.88818359375,-1.2209073153408951,Training:office6
office6_660_0,660,0,3,4.734,0.81,1.255,180.0,4.734,2.26,1.255,180.0,4.734,3.71,1.255,180.0,2.984,2.26,1.255,180.0,2.984,0.81,1.255,180.0,6.0,5.5,215.78787878787875,214.917724609375,-0.8701541785037534,Training:office6
office6_360_246_aout,360,246,1,4.734,0.81,1.255,180.0,4.734,2.26,1.255,180.0,4.734,3.71,1.255,180.0,2.984,2.26,1.255,180.0,2.984,0.81,1.255,180.0,6.0,5.5,195.01818181818183,196.576416015625,1.55823419744317,Training:office6
office6_960_0,960,0,3,4.734,0.81,1.255,180.0,4.734,2.26,1.255,180.0,4.734,3.71,1.255,180.0,2.984,2.26,1.255,180.0,2.984,0.81,1.255,180.0,6.0,5.5,240.76363636363635,241.251220703125,0.48758433948864877,Training:office6
office6_960_246_bout,960,246,2,4.734,0.81,1.255,180.0,4.734,2.26,1.255,180.0,4.734,3.71,1.255,180.0,2.984,2.26,1.255,180.0,2.984,0.81,1.255,180.0,6.0,5.5,218.05454545454543,219.010986328125,0.9564408735795666,Training:office6
office14_360_164_bout,360,164,2,1.91,3.166,1.255,90.0,3.36,3.166,1.255,90.0,1.91,1.266,1.255,90.0,3.36,1.266,1.255,90.0,4.81,1.266,1.255,90.0,7.0,6.0,119.7095238095238,122.1680908203125,2.4585670107886983,Training:office14
office14_660_246_aout,660,246,1,1.91,3.166,1.255,90.0,3.36,3.166,1.255,90.0,1.91,1.266,1.255,90.0,3.36,1.266,1.255,90.0,4.81,1.266,1.255,90.0,7.0,6.0,132.09047619047618,130.62451171875,-1.4659644717261813,Training:office14
office14_660_82_bout,660,82,2,1.91,3.166,1.255,90.0,3.36,3.166,1.255,90.0,1.91,1.266,1.255,90.0,3.36,1.266,1.255,90.0,4.81,1.266,1.255,90.0,7.0,6.0,130.16190476190476,131.5621337890625,1.4002290271577351,Training:office14
office14_660_82_aout,660,82,1,1.91,3.166,1.255,90.0,3.36,3.166,1.255,90.0,1.91,1.266,1.255,90.0,3.36,1.266,1.255,90.0,4.81,1.266,1.255,90.0,7.0,6.0,144.77142857142854,143.3077392578125,-1.4636893136160438,Training:office14
office14_660_164_bout,660,164,2,1.91,3.166,1.255,90.0,3.36,3.166,1.255,90.0,1.91,1.266,1.255,90.0,3.36,1.266,1.255,90.0,4.81,1.266,1.255,90.0,7.0,6.0,138.3857142857143,135.9281005859375,-2.4576136997768003,Training:office14
office14_0_164_aout,0,164,1,1.91,3.166,1.255,90.0,3.36,3.166,1.255,90.0,1.91,1.266,1.255,90.0,3.36,1.266,1.255,90.0,4.81,1.266,1.255,90.0,7.0,6.0,146.7809523809524,148.2047119140625,1.4237595331100863,Training:office14
office14_0_82_aout,0,82,1,1.91,3.166,1.255,90.0,3.36,3.166,1.255,90.0,1.91,1.266,1.255,90.0,3.36,1.266,1.255,90.0,4.81,1.266,1.255,90.0,7.0,6.0,150.34285714285716,150.67236328125,0.32950613839284415,Training:office14
office14_660_164_aout,660,164,1,1.91,3.166,1.255,90.0,3.36,3.166,1.255,90.0,1.91,1.266,1.255,90.0,3.36,1.266,1.255,90.0,4.81,1.266,1.255,90.0,7.0,6.0,140.2809523809524,142.9241943359375,2.6432419549850863,Training:office14
office14_660_246_bout,660,246,2,1.91,3.166,1.255,90.0,3.36,3.166,1.255,90.0,1.91,1.266,1.255,90.0,3.36,1.266,1.255,90.0,4.81,1.266,1.255,90.0,7.0,6.0,144.13333333333333,145.438232421875,1.3048990885416742,Training:office14
office14_360_246_bout,360,246,2,1.91,3.166,1.255,90.0,3.36,3.166,1.255,90.0,1.91,1.266,1.255,90.0,3.36,1.266,1.255,90.0,4.81,1.266,1.255,90.0,7.0,6.0,159.75714285714284,157.97705078125,-1.7800920758928385,Training:office14
office14_960_82_aout,960,82,1,1.91,3.166,1.255,90.0,3.36,3.166,1.255,90.0,1.91,1.266,1.255,90.0,3.36,1.266,1.255,90.0,4.81,1.266,1.255,90.0,7.0,6.0,121.86666666666667,123.001708984375,1.1350423177083258,Training:office14
office14_360_82_bout,360,82,2,1.91,3.166,1.255,90.0,3.36,3.166,1.255,90.0,1.91,1.266,1.255,90.0,3.36,1.266,1.255,90.0,4.81,1.266,1.255,90.0,7.0,6.0,148.7190476190476,147.3428955078125,-1.3761521112350863,Training:office14
office14_360_82_aout,360,82,1,1.91,3.166,1.255,90.0,3.36,3.166,1.255,90.0,1.91,1.266,1.255,90.0,3.36,1.266,1.255,90.0,4.81,1.266,1.255,90.0,7.0,6.0,148.57142857142858,149.6722412109375,1.1008126395089164,Training:office14
office14_0_0,0,0,3,1.91,3.166,1.255,90.0,3.36,3.166,1.255,90.0,1.91,1.266,1.255,90.0,3.36,1.266,1.255,90.0,4.81,1.266,1.255,90.0,7.0,6.0,141.73333333333332,141.8382568359375,0.10492350260417993,Training:office14
office14_960_164_bout,960,164,2,1.91,3.166,1.255,90.0,3.36,3.166,1.255,90.0,1.91,1.266,1.255,90.0,3.36,1.266,1.255,90.0,4.81,1.266,1.255,90.0,7.0,6.0,135.01904761904763,136.40185546875,1.382807849702374,Training:office14
office14_0_246_aout,0,246,1,1.91,3.166,1.255,90.0,3.36,3.166,1.255,90.0,1.91,1.266,1.255,90.0,3.36,1.266,1.255,90.0,4.81,1.266,1.255,90.0,7.0,6.0,126.65714285714284,126.5257568359375,-0.13138602120534415,Training:office14
office14_360_164_aout,360,164,1,1.91,3.166,1.255,90.0,3.36,3.166,1.255,90.0,1.91,1.266,1.255,90.0,3.36,1.266,1.255,90.0,4.81,1.266,1.255,90.0,7.0,6.0,159.61904761904762,157.1036376953125,-2.5154099237351204,Training:office14
office14_360_0,360,0,3,1.91,3.166,1.255,90.0,3.36,3.166,1.255,90.0,1.91,1.266,1.255,90.0,3.36,1.266,1.255,90.0,4.81,1.266,1.255,90.0,7.0,6.0,160.0095238095238,160.3189697265625,0.30944591703868696,Training:office14
office14_0_82_bout,0,82,2,1.91,3.166,1.255,90.0,3.36,3.166,1.255,90.0,1.91,1.266,1.255,90.0,3.36,1.266,1.255,90.0,4.81,1.266,1.255,90.0,7.0,6.0,164.64285714285717,164.29052734375,-0.3523297991071672,Training:office14
office14_960_246_aout,960,246,1,1.91,3.166,1.255,90.0,3.36,3.166,1.255,90.0,1.91,1.266,1.255,90.0,3.36,1.266,1.255,90.0,4.81,1.266,1.255,90.0,7.0,6.0,152.6047619047619,154.3917236328125,1.7869617280506134,Training:office14
office14_960_164_aout,960,164,1,1.91,3.166,1.255,90.0,3.36,3.166,1.255,90.0,1.91,1.266,1.255,90.0,3.36,1.266,1.255,90.0,4.81,1.266,1.255,90.0,7.0,6.0,124.71428571428572,124.096923828125,-0.6173618861607224,Training:office14
office14_0_164_bout,0,164,2,1.91,3.166,1.255,90.0,3.36,3.166,1.255,90.0,1.91,1.266,1.255,90.0,3.36,1.266,1.255,90.0,4.81,1.266,1.255,90.0,7.0,6.0,135.9952380952381,134.3797607421875,-1.6154773530506077,Training:office14
office14_0_246_bout,0,246,2,1.91,3.166,1.255,90.0,3.36,3.166,1.255,90.0,1.91,1.266,1.255,90.0,3.36,1.266,1.255,90.0,4.81,1.266,1.255,90.0,7.0,6.0,146.7904761904762,145.8582763671875,-0.9321998232886983,Training:office14
office14_960_82_bout,960,82,2,1.91,3.166,1.255,90.0,3.36,3.166,1.255,90.0,1.91,1.266,1.255,90.0,3.36,1.266,1.255,90.0,4.81,1.266,1.255,90.0,7.0,6.0,158.2190476190476,158.1019287109375,-0.1171189081100863,Training:office14
office14_660_0,660,0,3,1.91,3.166,1.255,90.0,3.36,3.166,1.255,90.0,1.91,1.266,1.255,90.0,3.36,1.266,1.255,90.0,4.81,1.266,1.255,90.0,7.0,6.0,152.88095238095238,152.5487060546875,-0.3322463262648796,Training:office14
office14_360_246_aout,360,246,1,1.91,3.166,1.255,90.0,3.36,3.166,1.255,90.0,1.91,1.266,1.255,90.0,3.36,1.266,1.255,90.0,4.81,1.266,1.255,90.0,7.0,6.0,147.3,148.0076904296875,0.7076904296874886,Training:office14
office14_960_0,960,0,3,1.91,3.166,1.255,90.0,3.36,3.166,1.255,90.0,1.91,1.266,1.255,90.0,3.36,1.266,1.255,90.0,4.81,1.266,1.255,90.0,7.0,6.0,153.72857142857143,153.7396240234375,0.01105259486607224,Training:office14
office14_960_246_bout,960,246,2,1.91,3.166,1.255,90.0,3.36,3.166,1.255,90.0,1.91,1.266,1.255,90.0,3.36,1.266,1.255,90.0,4.81,1.266,1.255,90.0,7.0,6.0,154.09047619047618,154.68359375,0.5931175595238187,Training:office14
office28_360_164_bout,360,164,2,1.265,3.82,1.255,0.0,2.93,2.84,1.255,90.0,4.38,2.84,1.255,90.0,4.42,4.76,1.255,270.0,2.97,4.76,1.255,270.0,9.5,6.0,138.0175438596491,136.947998046875,-1.0695458127740949,Training:office28
office28_660_246_aout,660,246,1,1.265,3.82,1.255,0.0,2.93,2.84,1.255,90.0,4.38,2.84,1.255,90.0,4.42,4.76,1.255,270.0,2.97,4.76,1.255,270.0,9.5,6.0,125.7719298245614,125.432373046875,-0.339556777686397,Training:office28
office28_660_82_bout,660,82,2,1.265,3.82,1.255,0.0,2.93,2.84,1.255,90.0,4.38,2.84,1.255,90.0,4.42,4.76,1.255,270.0,2.97,4.76,1.255,270.0,9.5,6.0,117.08771929824562,117.721435546875,0.6337162486293835,Training:office28
office28_660_82_aout,660,82,1,1.265,3.82,1.255,0.0,2.93,2.84,1.255,90.0,4.38,2.84,1.255,90.0,4.42,4.76,1.255,270.0,2.97,4.76,1.255,270.0,9.5,6.0,127.30526315789471,127.619873046875,0.31460988898028575,Training:office28
office28_660_164_bout,660,164,2,1.265,3.82,1.255,0.0,2.93,2.84,1.255,90.0,4.38,2.84,1.255,90.0,4.42,4.76,1.255,270.0,2.97,4.76,1.255,270.0,9.5,6.0,131.8456140350877,132.322998046875,0.4773840117873078,Training:office28
office28_0_164_aout,0,164,1,1.265,3.82,1.255,0.0,2.93,2.84,1.255,90.0,4.38,2.84,1.255,90.0,4.42,4.76,1.255,270.0,2.97,4.76,1.255,270.0,9.5,6.0,109.3859649122807,111.424560546875,2.0385956345943015,Training:office28
office28_0_82_aout,0,82,1,1.265,3.82,1.255,0.0,2.93,2.84,1.255,90.0,4.38,2.84,1.255,90.0,4.42,4.76,1.255,270.0,2.97,4.76,1.255,270.0,9.5,6.0,106.99649122807018,106.283935546875,-0.7125556811951839,Training:office28
office28_660_164_aout,660,164,1,1.265,3.82,1.255,0.0,2.93,2.84,1.255,90.0,4.38,2.84,1.255,90.0,4.42,4.76,1.255,270.0,2.97,4.76,1.255,270.0,9.5,6.0,113.85263157894738,113.471435546875,-0.3811960320723813,Training:office28
office28_660_246_bout,660,246,2,1.265,3.82,1.255,0.0,2.93,2.84,1.255,90.0,4.38,2.84,1.255,90.0,4.42,4.76,1.255,270.0,2.97,4.76,1.255,270.0,9.5,6.0,125.7017543859649,126.416748046875,0.7149936609100962,Training:office28
office28_360_246_bout,360,246,2,1.265,3.82,1.255,0.0,2.93,2.84,1.255,90.0,4.38,2.84,1.255,90.0,4.42,4.76,1.255,270.0,2.97,4.76,1.255,270.0,9.5,6.0,116.0561403508772,116.916748046875,0.8606076959977997,Training:office28
office28_960_82_aout,960,82,1,1.265,3.82,1.255,0.0,2.93,2.84,1.255,90.0,4.38,2.84,1.255,90.0,4.42,4.76,1.255,270.0,2.97,4.76,1.255,270.0,9.5,6.0,122.54736842105262,121.283935546875,-1.2634328741776244,Training:office28
office28_360_82_bout,360,82,2,1.265,3.82,1.255,0.0,2.93,2.84,1.255,90.0,4.38,2.84,1.255,90.0,4.42,4.76,1.255,270.0,2.97,4.76,1.255,270.0,9.5,6.0,131.07719298245613,131.408935546875,0.3317425644188745,Training:office28
office28_360_82_aout,360,82,1,1.265,3.82,1.255,0.0,2.93,2.84,1.255,90.0,4.38,2.84,1.255,90.0,4.42,4.76,1.255,270.0,2.97,4.76,1.255,270.0,9.5,6.0,116.60701754385966,116.408935546875,-0.198081996984655,Training:office28
office28_0_0,0,0,3,1.265,3.82,1.255,0.0,2.93,2.84,1.255,90.0,4.38,2.84,1.255,90.0,4.42,4.76,1.255,270.0,2.97,4.76,1.255,270.0,9.5,6.0,116.80701754385966,116.721435546875,-0.08558199698465785,Training:office28
office28_960_164_bout,960,164,2,1.265,3.82,1.255,0.0,2.93,2.84,1.255,90.0,4.38,2.84,1.255,90.0,4.42,4.76,1.255,270.0,2.97,4.76,1.255,270.0,9.5,6.0,121.30175438596493,119.385498046875,-1.9162563390899265,Training:office28
office28_0_246_aout,0,246,1,1.265,3.82,1.255,0.0,2.93,2.84,1.255,90.0,4.38,2.84,1.255,90.0,4.42,4.76,1.255,270.0,2.97,4.76,1.255,270.0,9.5,6.0,107.5719298245614,108.229248046875,0.6573182223136058,Training:office28
office28_360_164_aout,360,164,1,1.265,3.82,1.255,0.0,2.93,2.84,1.255,90.0,4.38,2.84,1.255,90.0,4.42,4.76,1.255,270.0,2.97,4.76,1.255,270.0,9.5,6.0,116.5157894736842,118.229248046875,1.713458573190806,Training:office28
office28_360_0,360,0,3,1.265,3.82,1.255,0.0,2.93,2.84,1.255,90.0,4.38,2.84,1.255,90.0,4.42,4.76,1.255,270.0,2.97,4.76,1.255,270.0,9.5,6.0,120.83157894736844,121.057373046875,0.22579409950655815,Training:office28
office28_0_82_bout,0,82,2,1.265,3.82,1.255,0.0,2.93,2.84,1.255,90.0,4.38,2.84,1.255,90.0,4.42,4.76,1.255,270.0,2.97,4.76,1.255,270.0,9.5,6.0,111.7017543859649,112.533935546875,0.8321811609100962,Training:office28
office28_960_246_aout,960,246,1,1.265,3.82,1.255,0.0,2.93,2.84,1.255,90.0,4.38,2.84,1.255,90.0,4.42,4.76,1.255,270.0,2.97,4.76,1.255,270.0,9.5,6.0,116.16140350877193,116.401123046875,0.23971953810307411,Training:office28
office28_960_164_aout,960,164,1,1.265,3.82,1.255,0.0,2.93,2.84,1.255,90.0,4.38,2.84,1.255,90.0,4.42,4.76,1.255,270.0,2.97,4.76,1.255,270.0,9.5,6.0,121.70877192982456,123.252685546875,1.5439136170504355,Training:office28
office28_0_164_bout,0,164,2,1.265,3.82,1.255,0.0,2.93,2.84,1.255,90.0,4.38,2.84,1.255,90.0,4.42,4.76,1.255,270.0,2.97,4.76,1.255,270.0,9.5,6.0,116.2421052631579,115.432373046875,-0.8097322162828959,Training:office28
office28_0_246_bout,0,246,2,1.265,3.82,1.255,0.0,2.93,2.84,1.255,90.0,4.38,2.84,1.255,90.0,4.42,4.76,1.255,270.0,2.97,4.76,1.255,270.0,9.5,6.0,115.8315789473684,116.244873046875,0.4132940995066008,Training:office28
office28_960_82_bout,960,82,2,1.265,3.82,1.255,0.0,2.93,2.84,1.255,90.0,4.38,2.84,1.255,90.0,4.42,4.76,1.255,270.0,2.97,4.76,1.255,270.0,9.5,6.0,131.61052631578946,133.026123046875,1.415596731085543,Training:office28
office28_660_0,660,0,3,1.265,3.82,1.255,0.0,2.93,2.84,1.255,90.0,4.38,2.84,1.255,90.0,4.42,4.76,1.255,270.0,2.97,4.76,1.255,270.0,9.5,6.0,107.0280701754386,106.807373046875,-0.22069712856360013,Training:office28
office28_360_246_aout,360,246,1,1.265,3.82,1.255,0.0,2.93,2.84,1.255,90.0,4.38,2.84,1.255,90.0,4.42,4.76,1.255,270.0,2.97,4.76,1.255,270.0,9.5,6.0,115.50175438596492,114.338623046875,-1.1631313390899152,Training:office28
office28_960_0,960,0,3,1.265,3.82,1.255,0.0,2.93,2.84,1.255,90.0,4.38,2.84,1.255,90.0,4.42,4.76,1.255,270.0,2.97,4.76,1.255,270.0,9.5,6.0,123.03157894736844,123.338623046875,0.3070440995065553,Training:office28
office28_960_246_bout,960,246,2,1.265,3.82,1.255,0.0,2.93,2.84,1.255,90.0,4.38,2.84,1.255,90.0,4.42,4.76,1.255,270.0,2.97,4.76,1.255,270.0,9.5,6.0,140.50175438596494,140.908935546875,0.4071811609100564,Training:office28
office4_360_164_bout,360,164,2,5.034,4.515,1.255,90.0,3.59,4.515,1.255,90.0,2.54,0.984,1.255,270.0,3.99,0.984,1.255,270.0,5.44,0.984,1.255,270.0,6.0,5.5,149.35151515151514,152.912841796875,3.5613266453598555,Training:office4
office4_660_246_aout,660,246,1,5.034,4.515,1.255,90.0,3.59,4.515,1.255,90.0,2.54,0.984,1.255,270.0,3.99,0.984,1.255,270.0,5.44,0.984,1.255,270.0,6.0,5.5,152.29090909090908,150.489013671875,-1.8018954190340821,Training:office4
office4_660_82_bout,660,82,2,5.034,4.515,1.255,90.0,3.59,4.515,1.255,90.0,2.54,0.984,1.255,270.0,3.99,0.984,1.255,270.0,5.44,0.984,1.255,270.0,6.0,5.5,129.52727272727273,132.186279296875,2.659006569602269,Training:office4
office4_660_82_aout,660,82,1,5.034,4.515,1.255,90.0,3.59,4.515,1.255,90.0,2.54,0.984,1.255,270.0,3.99,0.984,1.255,270.0,5.44,0.984,1.255,270.0,6.0,5.5,162.78787878787878,159.978759765625,-2.809119022253782,Training:office4
office4_660_164_bout,660,164,2,5.034,4.515,1.255,90.0,3.59,4.515,1.255,90.0,2.54,0.984,1.255,270.0,3.99,0.984,1.255,270.0,5.44,0.984,1.255,270.0,6.0,5.5,178.1212121212121,174.420166015625,-3.7010461055870962,Training:office4
office4_0_164_aout,0,164,1,5.034,4.515,1.255,90.0,3.59,4.515,1.255,90.0,2.54,0.984,1.255,270.0,3.99,0.984,1.255,270.0,5.44,0.984,1.255,270.0,6.0,5.5,129.5151515151515,131.431884765625,1.9167332504734986,Training:office4
office4_0_82_aout,0,82,1,5.034,4.515,1.255,90.0,3.59,4.515,1.255,90.0,2.54,0.984,1.255,270.0,3.99,0.984,1.255,270.0,5.44,0.984,1.255,270.0,6.0,5.5,148.3212121212121,148.554931640625,0.2337195194128867,Training:office4
office4_660_164_aout,660,164,1,5.034,4.515,1.255,90.0,3.59,4.515,1.255,90.0,2.54,0.984,1.255,270.0,3.99,0.984,1.255,270.0,5.44,0.984,1.255,270.0,6.0,5.5,156.84848484848482,161.484130859375,4.635646010890184,Training:office4
office4_660_246_bout,660,246,2,5.034,4.515,1.255,90.0,3.59,4.515,1.255,90.0,2.54,0.984,1.255,270.0,3.99,0.984,1.255,270.0,5.44,0.984,1.255,270.0,6.0,5.5,169.7939393939394,173.303955078125,3.510015684185589,Training:office4
office4_360_246_bout,360,246,2,5.034,4.515,1.255,90.0,3.59,4.515,1.255,90.0,2.54,0.984,1.255,270.0,3.99,0.984,1.255,270.0,5.44,0.984,1.255,270.0,6.0,5.5,156.769696969697,155.390380859375,-1.3793161103220086,Training:office4
office4_960_82_aout,960,82,1,5.034,4.515,1.255,90.0,3.59,4.515,1.255,90.0,2.54,0.984,1.255,270.0,3.99,0.984,1.255,270.0,5.44,0.984,1.255,270.0,6.0,5.5,168.05454545454546,169.248291015625,1.1937455610795382,Training:office4
office4_360_82_bout,360,82,2,5.034,4.515,1.255,90.0,3.59,4.515,1.255,90.0,2.54,0.984,1.255,270.0,3.99,0.984,1.255,270.0,5.44,0.984,1.255,270.0,6.0,5.5,140.64848484848486,138.273193359375,-2.3752914891098555,Training:office4
office4_360_82_aout,360,82,1,5.034,4.515,1.255,90.0,3.59,4.515,1.255,90.0,2.54,0.984,1.255,270.0,3.99,0.984,1.255,270.0,5.44,0.984,1.255,270.0,6.0,5.5,154.2,155.047607421875,0.8476074218750114,Training:office4
office4_0_0,0,0,3,5.034,4.515,1.255,90.0,3.59,4.515,1.255,90.0,2.54,0.984,1.255,270.0,3.99,0.984,1.255,270.0,5.44,0.984,1.255,270.0,6.0,5.5,152.8,152.803466796875,0.0034667968749886313,Training:office4
office4_960_164_bout,960,164,2,5.034,4.515,1.255,90.0,3.59,4.515,1.255,90.0,2.54,0.984,1.255,270.0,3.99,0.984,1.255,270.0,5.44,0.984,1.255,270.0,6.0,5.5,164.8909090909091,165.345947265625,0.45503817471589514,Training:office4
office4_0_246_aout,0,246,1,5.034,4.515,1.255,90.0,3.59,4.515,1.255,90.0,2.54,0.984,1.255,270.0,3.99,0.984,1.255,270.0,5.44,0.984,1.255,270.0,6.0,5.5,180.5818181818182,179.690185546875,-0.8916326349431927,Training:office4
office4_360_164_aout,360,164,1,5.034,4.515,1.255,90.0,3.59,4.515,1.255,90.0,2.54,0.984,1.255,270.0,3.99,0.984,1.255,270.0,5.44,0.984,1.255,270.0,6.0,5.5,140.52121212121213,136.325927734375,-4.19528438683713,Training:office4
office4_360_0,360,0,3,5.034,4.515,1.255,90.0,3.59,4.515,1.255,90.0,2.54,0.984,1.255,270.0,3.99,0.984,1.255,270.0,5.44,0.984,1.255,270.0,6.0,5.5,156.39393939393938,156.404541015625,0.010601621685623286,Training:office4
office4_0_82_bout,0,82,2,5.034,4.515,1.255,90.0,3.59,4.515,1.255,90.0,2.54,0.984,1.255,270.0,3.99,0.984,1.255,270.0,5.44,0.984,1.255,270.0,6.0,5.5,151.08484848484846,151.320068359375,0.23521987452653548,Training:office4
office4_960_246_aout,960,246,1,5.034,4.515,1.255,90.0,3.59,4.515,1.255,90.0,2.54,0.984,1.255,270.0,3.99,0.984,1.255,270.0,5.44,0.984,1.255,270.0,6.0,5.5,164.01818181818183,165.021728515625,1.00354669744317,Training:office4
office4_960_164_aout,960,164,1,5.034,4.515,1.255,90.0,3.59,4.515,1.255,90.0,2.54,0.984,1.255,270.0,3.99,0.984,1.255,270.0,5.44,0.984,1.255,270.0,6.0,5.5,179.6909090909091,178.364501953125,-1.3264071377840878,Training:office4
office4_0_164_bout,0,164,2,5.034,4.515,1.255,90.0,3.59,4.515,1.255,90.0,2.54,0.984,1.255,270.0,3.99,0.984,1.255,270.0,5.44,0.984,1.255,270.0,6.0,5.5,176.44242424242424,175.057861328125,-1.384562914299238,Training:office4
office4_0_246_bout,0,246,2,5.034,4.515,1.255,90.0,3.59,4.515,1.255,90.0,2.54,0.984,1.255,270.0,3.99,0.984,1.255,270.0,5.44,0.984,1.255,270.0,6.0,5.5,151.37575757575758,151.489013671875,0.11325609611742493,Training:office4
office4_960_82_bout,960,82,2,5.034,4.515,1.255,90.0,3.59,4.515,1.255,90.0,2.54,0.984,1.255,270.0,3.99,0.984,1.255,270.0,5.44,0.984,1.255,270.0,6.0,5.5,175.55151515151516,175.705322265625,0.1538071141098385,Training:office4
office4_660_0,660,0,3,5.034,4.515,1.255,90.0,3.59,4.515,1.255,90.0,2.54,0.984,1.255,270.0,3.99,0.984,1.255,270.0,5.44,0.984,1.255,270.0,6.0,5.5,160.47878787878787,160.775146484375,0.29635860558713034,Training:office4
office4_360_246_aout,360,246,1,5.034,4.515,1.255,90.0,3.59,4.515,1.255,90.0,2.54,0.984,1.255,270.0,3.99,0.984,1.255,270.0,5.44,0.984,1.255,270.0,6.0,5.5,143.8363636363636,144.900146484375,1.0637828480114138,Training:office4
office4_960_0,960,0,3,5.034,4.515,1.255,90.0,3.59,4.515,1.255,90.0,2.54,0.984,1.255,270.0,3.99,0.984,1.255,270.0,5.44,0.984,1.255,270.0,6.0,5.5,146.9818181818182,146.628662109375,-0.35315607244319835,Training:office4
office4_960_246_bout,960,246,2,5.034,4.515,1.255,90.0,3.59,4.515,1.255,90.0,2.54,0.984,1.255,270.0,3.99,0.984,1.255,270.0,5.44,0.984,1.255,270.0,6.0,5.5,186.44242424242424,184.571044921875,-1.871379320549238,Training:office4
office7_360_164_bout,360,164,2,1.266,2.29,1.255,0.0,3.14,3.059,1.255,270.0,4.59,3.059,1.255,270.0,4.21,1.141,1.255,90.0,2.76,1.141,1.255,90.0,9.0,4.0,162.15555555555554,159.3902587890625,-2.7652967664930372,Training:office7
office7_660_246_aout,660,246,1,1.266,2.29,1.255,0.0,3.14,3.059,1.255,270.0,4.59,3.059,1.255,270.0,4.21,1.141,1.255,90.0,2.76,1.141,1.255,90.0,9.0,4.0,190.5,192.1431884765625,1.6431884765625,Training:office7
office7_660_82_bout,660,82,2,1.266,2.29,1.255,0.0,3.14,3.059,1.255,270.0,4.59,3.059,1.255,270.0,4.21,1.141,1.255,90.0,2.76,1.141,1.255,90.0,9.0,4.0,192.86666666666667,191.0382080078125,-1.8284586588541742,Training:office7
office7_660_82_aout,660,82,1,1.266,2.29,1.255,0.0,3.14,3.059,1.255,270.0,4.59,3.059,1.255,270.0,4.21,1.141,1.255,90.0,2.76,1.141,1.255,90.0,9.0,4.0,188.86111111111111,190.5220947265625,1.6609836154513857,Training:office7
office7_660_164_bout,660,164,2,1.266,2.29,1.255,0.0,3.14,3.059,1.255,270.0,4.59,3.059,1.255,270.0,4.21,1.141,1.255,90.0,2.76,1.141,1.255,90.0,9.0,4.0,202.4833333333333,206.4366455078125,3.9533121744792084,Training:office7
office7_0_164_aout,0,164,1,1.266,2.29,1.255,0.0,3.14,3.059,1.255,270.0,4.59,3.059,1.255,270.0,4.21,1.141,1.255,90.0,2.76,1.141,1.255,90.0,9.0,4.0,194.57222222222225,193.3585205078125,-1.2137017144097513,Training:office7
office7_0_82_aout,0,82,1,1.266,2.29,1.255,0.0,3.14,3.059,1.255,270.0,4.59,3.059,1.255,270.0,4.21,1.141,1.255,90.0,2.76,1.141,1.255,90.0,9.0,4.0,189.35555555555555,190.2139892578125,0.8584337022569457,Training:office7
office7_660_164_aout,660,164,1,1.266,2.29,1.255,0.0,3.14,3.059,1.255,270.0,4.59,3.059,1.255,270.0,4.21,1.141,1.255,90.0,2.76,1.141,1.255,90.0,9.0,4.0,186.66666666666669,182.5255126953125,-4.141153971354186,Training:office7
office7_660_246_bout,660,246,2,1.266,2.29,1.255,0.0,3.14,3.059,1.255,270.0,4.59,3.059,1.255,270.0,4.21,1.141,1.255,90.0,2.76,1.141,1.255,90.0,9.0,4.0,215.9,213.8492431640625,-2.0507568359375057,Training:office7
office7_360_246_bout,360,246,2,1.266,2.29,1.255,0.0,3.14,3.059,1.255,270.0,4.59,3.059,1.255,270.0,4.21,1.141,1.255,90.0,2.76,1.141,1.255,90.0,9.0,4.0,164.82222222222225,166.4674072265625,1.6451850043402487,Training:office7
office7_960_82_aout,960,82,1,1.266,2.29,1.255,0.0,3.14,3.059,1.255,270.0,4.59,3.059,1.255,270.0,4.21,1.141,1.255,90.0,2.76,1.141,1.255,90.0,9.0,4.0,203.4,202.0548095703125,-1.3451904296875057,Training:office7
office7_360_82_bout,360,82,2,1.266,2.29,1.255,0.0,3.14,3.059,1.255,270.0,4.59,3.059,1.255,270.0,4.21,1.141,1.255,90.0,2.76,1.141,1.255,90.0,9.0,4.0,172.6222222222222,174.6768798828125,2.054657660590294,Training:office7
office7_360_82_aout,360,82,1,1.266,2.29,1.255,0.0,3.14,3.059,1.255,270.0,4.59,3.059,1.255,270.0,4.21,1.141,1.255,90.0,2.76,1.141,1.255,90.0,9.0,4.0,180.90000000000003,179.7222900390625,-1.177709960937534,Training:office7
office7_0_0,0,0,3,1.266,2.29,1.255,0.0,3.14,3.059,1.255,270.0,4.59,3.059,1.255,270.0,4.21,1.141,1.255,90.0,2.76,1.141,1.255,90.0,9.0,4.0,190.28333333333336,189.9844970703125,-0.29883626302085986,Training:office7
office7_960_164_bout,960,164,2,1.266,2.29,1.255,0.0,3.14,3.059,1.255,270.0,4.59,3.059,1.255,270.0,4.21,1.141,1.255,90.0,2.76,1.141,1.255,90.0,9.0,4.0,196.16111111111115,195.1661376953125,-0.9949734157986541,Training:office7
office7_0_246_aout,0,246,1,1.266,2.29,1.255,0.0,3.14,3.059,1.255,270.0,4.59,3.059,1.255,270.0,4.21,1.141,1.255,90.0,2.76,1.141,1.255,90.0,9.0,4.0,202.81666666666663,203.5718994140625,0.7552327473958655,Training:office7
office7_360_164_aout,360,164,1,1.266,2.29,1.255,0.0,3.14,3.059,1.255,270.0,4.59,3.059,1.255,270.0,4.21,1.141,1.255,90.0,2.76,1.141,1.255,90.0,9.0,4.0,165.45,167.9439697265625,2.4939697265625114,Training:office7
office7_360_0,360,0,3,1.266,2.29,1.255,0.0,3.14,3.059,1.255,270.0,4.59,3.059,1.255,270.0,4.21,1.141,1.255,90.0,2.76,1.141,1.255,90.0,9.0,4.0,156.09444444444443,156.7608642578125,0.6664198133680657,Training:office7
office7_0_82_bout,0,82,2,1.266,2.29,1.255,0.0,3.14,3.059,1.255,270.0,4.59,3.059,1.255,270.0,4.21,1.141,1.255,90.0,2.76,1.141,1.255,90.0,9.0,4.0,178.68333333333334,177.5489501953125,-1.1343831380208371,Training:office7
office7_960_246_aout,960,246,1,1.266,2.29,1.255,0.0,3.14,3.059,1.255,270.0,4.59,3.059,1.255,270.0,4.21,1.141,1.255,90.0,2.76,1.141,1.255,90.0,9.0,4.0,192.0833333333333,191.6002197265625,-0.48311360677078596,Training:office7
office7_960_164_aout,960,164,1,1.266,2.29,1.255,0.0,3.14,3.059,1.255,270.0,4.59,3.059,1.255,270.0,4.21,1.141,1.255,90.0,2.76,1.141,1.255,90.0,9.0,4.0,196.11666666666667,198.5069580078125,2.3902913411458258,Training:office7
office7_0_164_bout,0,164,2,1.266,2.29,1.255,0.0,3.14,3.059,1.255,270.0,4.59,3.059,1.255,270.0,4.21,1.141,1.255,90.0,2.76,1.141,1.255,90.0,9.0,4.0,191.3,192.2008056640625,0.9008056640624886,Training:office7
office7_0_246_bout,0,246,2,1.266,2.29,1.255,0.0,3.14,3.059,1.255,270.0,4.59,3.059,1.255,270.0,4.21,1.141,1.255,90.0,2.76,1.141,1.255,90.0,9.0,4.0,192.2333333333333,191.8033447265625,-0.42998860677079165,Training:office7
office7_960_82_bout,960,82,2,1.266,2.29,1.255,0.0,3.14,3.059,1.255,270.0,4.59,3.059,1.255,270.0,4.21,1.141,1.255,90.0,2.76,1.141,1.255,90.0,9.0,4.0,209.7277777777778,210.0992431640625,0.3714653862847115,Training:office7
office7_660_0,660,0,3,1.266,2.29,1.255,0.0,3.14,3.059,1.255,270.0,4.59,3.059,1.255,270.0,4.21,1.141,1.255,90.0,2.76,1.141,1.255,90.0,9.0,4.0,183.9388888888889,183.6759033203125,-0.2629855685763971,Training:office7
office7_360_246_aout,360,246,1,1.266,2.29,1.255,0.0,3.14,3.059,1.255,270.0,4.59,3.059,1.255,270.0,4.21,1.141,1.255,90.0,2.76,1.141,1.255,90.0,9.0,4.0,179.8388888888889,177.9595947265625,-1.8792941623264028,Training:office7
office7_960_0,960,0,3,1.266,2.29,1.255,0.0,3.14,3.059,1.255,270.0,4.59,3.059,1.255,270.0,4.21,1.141,1.255,90.0,2.76,1.141,1.255,90.0,9.0,4.0,204.1222222222222,204.0484619140625,-0.0737603081597058,Training:office7
office7_960_246_bout,960,246,2,1.266,2.29,1.255,0.0,3.14,3.059,1.255,270.0,4.59,3.059,1.255,270.0,4.21,1.141,1.255,90.0,2.76,1.141,1.255,90.0,9.0,4.0,205.7888888888889,206.0479736328125,0.2590847439236086,Training:office7
office5_360_164_bout,360,164,2,4.19,3.575,1.255,90.0,2.74,3.575,1.255,90.0,1.31,1.266,1.255,90.0,2.76,1.266,1.255,90.0,4.21,1.266,1.255,90.0,6.0,5.5,184.3696969696969,189.8873291015625,5.517632131865611,Training:office5
office5_660_246_aout,660,246,1,4.19,3.575,1.255,90.0,2.74,3.575,1.255,90.0,1.31,1.266,1.255,90.0,2.76,1.266,1.255,90.0,4.21,1.266,1.255,90.0,6.0,5.5,196.3030303030303,193.1436767578125,-3.1593535452178116,Training:office5
office5_660_82_bout,660,82,2,4.19,3.575,1.255,90.0,2.74,3.575,1.255,90.0,1.31,1.266,1.255,90.0,2.76,1.266,1.255,90.0,4.21,1.266,1.255,90.0,6.0,5.5,182.71515151515152,185.3697509765625,2.6545994614109816,Training:office5
office5_660_82_aout,660,82,1,4.19,3.575,1.255,90.0,2.74,3.575,1.255,90.0,1.31,1.266,1.255,90.0,2.76,1.266,1.255,90.0,4.21,1.266,1.255,90.0,6.0,5.5,215.1090909090909,212.2637939453125,-2.845296963778395,Training:office5
office5_660_164_bout,660,164,2,4.19,3.575,1.255,90.0,2.74,3.575,1.255,90.0,1.31,1.266,1.255,90.0,2.76,1.266,1.255,90.0,4.21,1.266,1.255,90.0,6.0,5.5,235.13333333333333,229.2457275390625,-5.887605794270826,Training:office5
office5_0_164_aout,0,164,1,4.19,3.575,1.255,90.0,2.74,3.575,1.255,90.0,1.31,1.266,1.255,90.0,2.76,1.266,1.255,90.0,4.21,1.266,1.255,90.0,6.0,5.5,193.41818181818184,195.3087158203125,1.8905340021306642,Training:office5
office5_0_82_aout,0,82,1,4.19,3.575,1.255,90.0,2.74,3.575,1.255,90.0,1.31,1.266,1.255,90.0,2.76,1.266,1.255,90.0,4.21,1.266,1.255,90.0,6.0,5.5,178.47272727272727,177.2442626953125,-1.228464577414769,Training:office5
office5_660_164_aout,660,164,1,4.19,3.575,1.255,90.0,2.74,3.575,1.255,90.0,1.31,1.266,1.255,90.0,2.76,1.266,1.255,90.0,4.21,1.266,1.255,90.0,6.0,5.5,201.12121212121207,207.0201416015625,5.898929480350432,Training:office5
office5_660_246_bout,660,246,2,4.19,3.575,1.255,90.0,2.74,3.575,1.255,90.0,1.31,1.266,1.255,90.0,2.76,1.266,1.255,90.0,4.21,1.266,1.255,90.0,6.0,5.5,201.4909090909091,203.7144775390625,2.223568448153401,Training:office5
office5_360_246_bout,360,246,2,4.19,3.575,1.255,90.0,2.74,3.575,1.255,90.0,1.31,1.266,1.255,90.0,2.76,1.266,1.255,90.0,4.21,1.266,1.255,90.0,6.0,5.5,186.1878787878788,183.7469482421875,-2.4409305456912875,Training:office5
office5_960_82_aout,960,82,1,4.19,3.575,1.255,90.0,2.74,3.575,1.255,90.0,1.31,1.266,1.255,90.0,2.76,1.266,1.255,90.0,4.21,1.266,1.255,90.0,6.0,5.5,196.42424242424244,198.4293212890625,2.0050788648200637,Training:office5
office5_360_82_bout,360,82,2,4.19,3.575,1.255,90.0,2.74,3.575,1.255,90.0,1.31,1.266,1.255,90.0,2.76,1.266,1.255,90.0,4.21,1.266,1.255,90.0,6.0,5.5,165.6181818181818,162.7691650390625,-2.849016779119296,Training:office5
office5_360_82_aout,360,82,1,4.19,3.575,1.255,90.0,2.74,3.575,1.255,90.0,1.31,1.266,1.255,90.0,2.76,1.266,1.255,90.0,4.21,1.266,1.255,90.0,6.0,5.5,181.6848484848485,184.1011962890625,2.4163478042140127,Training:office5
office5_0_0,0,0,3,4.19,3.575,1.255,90.0,2.74,3.575,1.255,90.0,1.31,1.266,1.255,90.0,2.76,1.266,1.255,90.0,4.21,1.266,1.255,90.0,6.0,5.5,156.66666666666669,156.8970947265625,0.23042805989581439,Training:office5
office5_960_164_bout,960,164,2,4.19,3.575,1.255,90.0,2.74,3.575,1.255,90.0,1.31,1.266,1.255,90.0,2.76,1.266,1.255,90.0,4.21,1.266,1.255,90.0,6.0,5.5,204.72727272727275,205.7398681640625,1.012595436789752,Training:office5
office5_0_246_aout,0,246,1,4.19,3.575,1.255,90.0,2.74,3.575,1.255,90.0,1.31,1.266,1.255,90.0,2.76,1.266,1.255,90.0,4.21,1.266,1.255,90.0,6.0,5.5,175.6,175.7139892578125,0.11398925781250568,Training:office5
office5_360_164_aout,360,164,1,4.19,3.575,1.255,90.0,2.74,3.575,1.255,90.0,1.31,1.266,1.255,90.0,2.76,1.266,1.255,90.0,4.21,1.266,1.255,90.0,6.0,5.5,203.86666666666665,198.6739501953125,-5.192716471354146,Training:office5
office5_360_0,360,0,3,4.19,3.575,1.255,90.0,2.74,3.575,1.255,90.0,1.31,1.266,1.255,90.0,2.76,1.266,1.255,90.0,4.21,1.266,1.255,90.0,6.0,5.5,179.95757575757574,179.9124755859375,-0.04510017163823932,Training:office5
office5_0_82_bout,0,82,2,4.19,3.575,1.255,90.0,2.74,3.575,1.255,90.0,1.31,1.266,1.255,90.0,2.76,1.266,1.255,90.0,4.21,1.266,1.255,90.0,6.0,5.5,171.4121212121212,171.4368896484375,0.02476843631629322,Training:office5
office5_960_246_aout,960,246,1,4.19,3.575,1.255,90.0,2.74,3.575,1.255,90.0,1.31,1.266,1.255,90.0,2.76,1.266,1.255,90.0,4.21,1.266,1.255,90.0,6.0,5.5,216.73939393939395,218.5401611328125,1.800767193418551,Training:office5
office5_960_164_aout,960,164,1,4.19,3.575,1.255,90.0,2.74,3.575,1.255,90.0,1.31,1.266,1.255,90.0,2.76,1.266,1.255,90.0,4.21,1.266,1.255,90.0,6.0,5.5,202.58181818181816,200.6177978515625,-1.9640203302556642,Training:office5
office5_0_164_bout,0,164,2,4.19,3.575,1.255,90.0,2.74,3.575,1.255,90.0,1.31,1.266,1.255,90.0,2.76,1.266,1.255,90.0,4.21,1.266,1.255,90.0,6.0,5.5,170.84242424242424,169.2264404296875,-1.6159838127367436,Training:office5
office5_0_246_bout,0,246,2,4.19,3.575,1.255,90.0,2.74,3.575,1.255,90.0,1.31,1.266,1.255,90.0,2.76,1.266,1.255,90.0,4.21,1.266,1.255,90.0,6.0,5.5,191.8,193.0208740234375,1.2208740234374886,Training:office5
office5_960_82_bout,960,82,2,4.19,3.575,1.255,90.0,2.74,3.575,1.255,90.0,1.31,1.266,1.255,90.0,2.76,1.266,1.255,90.0,4.21,1.266,1.255,90.0,6.0,5.5,209.83636363636364,208.6717529296875,-1.164610706676143,Training:office5
office5_660_0,660,0,3,4.19,3.575,1.255,90.0,2.74,3.575,1.255,90.0,1.31,1.266,1.255,90.0,2.76,1.266,1.255,90.0,4.21,1.266,1.255,90.0,6.0,5.5,203.84242424242424,203.3150634765625,-0.5273607658617436,Training:office5
office5_360_246_aout,360,246,1,4.19,3.575,1.255,90.0,2.74,3.575,1.255,90.0,1.31,1.266,1.255,90.0,2.76,1.266,1.255,90.0,4.21,1.266,1.255,90.0,6.0,5.5,172.53939393939396,174.7564697265625,2.2170757871685396,Training:office5
office5_960_0,960,0,3,4.19,3.575,1.255,90.0,2.74,3.575,1.255,90.0,1.31,1.266,1.255,90.0,2.76,1.266,1.255,90.0,4.21,1.266,1.255,90.0,6.0,5.5,180.9636363636364,181.3167724609375,0.3531360973011033,Training:office5
office5_960_246_bout,960,246,2,4.19,3.575,1.255,90.0,2.74,3.575,1.255,90.0,1.31,1.266,1.255,90.0,2.76,1.266,1.255,90.0,4.21,1.266,1.255,90.0,6.0,5.5,200.339393939394,197.9593505859375,-2.3800433534565,Training:office5
office22_360_164_bout,360,164,2,3.57,4.235,1.255,270.0,5.02,4.235,1.255,270.0,2.73,2.315,1.255,90.0,4.18,2.315,1.255,90.0,5.63,2.315,1.255,90.0,8.5,6.5,101.89321266968324,102.654296875,0.761084205316763,Training:office22
office22_660_246_aout,660,246,1,3.57,4.235,1.255,270.0,5.02,4.235,1.255,270.0,2.73,2.315,1.255,90.0,4.18,2.315,1.255,90.0,5.63,2.315,1.255,90.0,8.5,6.5,96.3076923076923,101.158203125,4.850510817307693,Training:office22
office22_660_82_bout,660,82,2,3.57,4.235,1.255,270.0,5.02,4.235,1.255,270.0,2.73,2.315,1.255,90.0,4.18,2.315,1.255,90.0,5.63,2.315,1.255,90.0,8.5,6.5,79.54389140271493,81.78515625,2.2412648472850663,Training:office22
office22_660_82_aout,660,82,1,3.57,4.235,1.255,270.0,5.02,4.235,1.255,270.0,2.73,2.315,1.255,90.0,4.18,2.315,1.255,90.0,5.63,2.315,1.255,90.0,8.5,6.5,69.65067873303167,67.560546875,-2.0901318580316683,Training:office22
office22_660_164_bout,660,164,2,3.57,4.235,1.255,270.0,5.02,4.235,1.255,270.0,2.73,2.315,1.255,90.0,4.18,2.315,1.255,90.0,5.63,2.315,1.255,90.0,8.5,6.5,90.76199095022623,89.607421875,-1.1545690752262345,Training:office22
office22_0_164_aout,0,164,1,3.57,4.235,1.255,270.0,5.02,4.235,1.255,270.0,2.73,2.315,1.255,90.0,4.18,2.315,1.255,90.0,5.63,2.315,1.255,90.0,8.5,6.5,104.05429864253392,87.673828125,-16.380470517533922,Training:office22
office22_0_82_aout,0,82,1,3.57,4.235,1.255,270.0,5.02,4.235,1.255,270.0,2.73,2.315,1.255,90.0,4.18,2.315,1.255,90.0,5.63,2.315,1.255,90.0,8.5,6.5,122.33122171945702,116.51416015625,-5.8170615632070195,Training:office22
office22_660_164_aout,660,164,1,3.57,4.235,1.255,270.0,5.02,4.235,1.255,270.0,2.73,2.315,1.255,90.0,4.18,2.315,1.255,90.0,5.63,2.315,1.255,90.0,8.5,6.5,79.83348416289593,82.3330078125,2.499523649604072,Training:office22
office22_660_246_bout,660,246,2,3.57,4.235,1.255,270.0,5.02,4.235,1.255,270.0,2.73,2.315,1.255,90.0,4.18,2.315,1.255,90.0,5.63,2.315,1.255,90.0,8.5,6.5,94.3239819004525,91.61083984375,-2.7131420567024946,Training:office22
office22_360_246_bout,360,246,2,3.57,4.235,1.255,270.0,5.02,4.235,1.255,270.0,2.73,2.315,1.255,90.0,4.18,2.315,1.255,90.0,5.63,2.315,1.255,90.0,8.5,6.5,86.98280542986427,99.65576171875,12.672956288885729,Training:office22
office22_960_82_aout,960,82,1,3.57,4.235,1.255,270.0,5.02,4.235,1.255,270.0,2.73,2.315,1.255,90.0,4.18,2.315,1.255,90.0,5.63,2.315,1.255,90.0,8.5,6.5,83.58371040723983,79.65966796875,-3.9240424384898347,Training:office22
office22_360_82_bout,360,82,2,3.57,4.235,1.255,270.0,5.02,4.235,1.255,270.0,2.73,2.315,1.255,90.0,4.18,2.315,1.255,90.0,5.63,2.315,1.255,90.0,8.5,6.5,65.83529411764707,94.439453125,28.604159007352933,Training:office22
office22_360_82_aout,360,82,1,3.57,4.235,1.255,270.0,5.02,4.235,1.255,270.0,2.73,2.315,1.255,90.0,4.18,2.315,1.255,90.0,5.63,2.315,1.255,90.0,8.5,6.5,96.03257918552036,100.6279296875,4.595350501979638,Training:office22
office22_0_0,0,0,3,3.57,4.235,1.255,270.0,5.02,4.235,1.255,270.0,2.73,2.315,1.255,90.0,4.18,2.315,1.255,90.0,5.63,2.315,1.255,90.0,8.5,6.5,102.25520361990952,127.31982421875,25.064620598840477,Training:office22
office22_960_164_bout,960,164,2,3.57,4.235,1.255,270.0,5.02,4.235,1.255,270.0,2.73,2.315,1.255,90.0,4.18,2.315,1.255,90.0,5.63,2.315,1.255,90.0,8.5,6.5,100.01809954751133,96.64404296875,-3.3740565787613264,Training:office22
office22_0_246_aout,0,246,1,3.57,4.235,1.255,270.0,5.02,4.235,1.255,270.0,2.73,2.315,1.255,90.0,4.18,2.315,1.255,90.0,5.63,2.315,1.255,90.0,8.5,6.5,108.74932126696834,116.6533203125,7.903999045531663,Training:office22
office22_360_164_aout,360,164,1,3.57,4.235,1.255,270.0,5.02,4.235,1.255,270.0,2.73,2.315,1.255,90.0,4.18,2.315,1.255,90.0,5.63,2.315,1.255,90.0,8.5,6.5,80.05429864253394,82.79052734375,2.7362287012160635,Training:office22
office22_360_0,360,0,3,3.57,4.235,1.255,270.0,5.02,4.235,1.255,270.0,2.73,2.315,1.255,90.0,4.18,2.315,1.255,90.0,5.63,2.315,1.255,90.0,8.5,6.5,68.30045248868778,78.30029296875,9.999840480062218,Training:office22
office22_0_82_bout,0,82,2,3.57,4.235,1.255,270.0,5.02,4.235,1.255,270.0,2.73,2.315,1.255,90.0,4.18,2.315,1.255,90.0,5.63,2.315,1.255,90.0,8.5,6.5,100.99547511312215,96.482421875,-4.513053238122154,Training:office22
office22_960_246_aout,960,246,1,3.57,4.235,1.255,270.0,5.02,4.235,1.255,270.0,2.73,2.315,1.255,90.0,4.18,2.315,1.255,90.0,5.63,2.315,1.255,90.0,8.5,6.5,96.289592760181,85.69677734375,-10.592815416430994,Training:office22
office22_960_164_aout,960,164,1,3.57,4.235,1.255,270.0,5.02,4.235,1.255,270.0,2.73,2.315,1.255,90.0,4.18,2.315,1.255,90.0,5.63,2.315,1.255,90.0,8.5,6.5,101.11855203619908,101.84423828125,0.7256862450509232,Training:office22
office22_0_164_bout,0,164,2,3.57,4.235,1.255,270.0,5.02,4.235,1.255,270.0,2.73,2.315,1.255,90.0,4.18,2.315,1.255,90.0,5.63,2.315,1.255,90.0,8.5,6.5,128.47420814479636,154.36376953125,25.889561386453636,Training:office22
office22_0_246_bout,0,246,2,3.57,4.235,1.255,270.0,5.02,4.235,1.255,270.0,2.73,2.315,1.255,90.0,4.18,2.315,1.255,90.0,5.63,2.315,1.255,90.0,8.5,6.5,127.59095022624432,132.353515625,4.762565398755683,Training:office22
office22_960_82_bout,960,82,2,3.57,4.235,1.255,270.0,5.02,4.235,1.255,270.0,2.73,2.315,1.255,90.0,4.18,2.315,1.255,90.0,5.63,2.315,1.255,90.0,8.5,6.5,103.79366515837106,91.66162109375,-12.132044064621056,Training:office22
office22_660_0,660,0,3,3.57,4.235,1.255,270.0,5.02,4.235,1.255,270.0,2.73,2.315,1.255,90.0,4.18,2.315,1.255,90.0,5.63,2.315,1.255,90.0,8.5,6.5,80.06515837104072,70.56103515625,-9.504123214790724,Training:office22
office22_360_246_aout,360,246,1,3.57,4.235,1.255,270.0,5.02,4.235,1.255,270.0,2.73,2.315,1.255,90.0,4.18,2.315,1.255,90.0,5.63,2.315,1.255,90.0,8.5,6.5,82.08506787330317,73.9052734375,-8.179794435803174,Training:office22
office22_960_0,960,0,3,3.57,4.235,1.255,270.0,5.02,4.235,1.255,270.0,2.73,2.315,1.255,90.0,4.18,2.315,1.255,90.0,5.63,2.315,1.255,90.0,8.5,6.5,96.9556561085973,86.88134765625,-10.074308452347296,Training:office22
office22_960_246_bout,960,246,2,3.57,4.235,1.255,270.0,5.02,4.235,1.255,270.0,2.73,2.315,1.255,90.0,4.18,2.315,1.255,90.0,5.63,2.315,1.255,90.0,8.5,6.5,111.59819004524886,105.94775390625,-5.650436138998856,Training:office22
office3_960_164_aout,960,164,1,5.016,0.94,1.255,0.0,5.016,2.39,1.255,0.0,5.016,3.84,1.255,0.0,0.985,1.99,1.255,180.0,0.985,0.54,1.255,180.0,6.0,5.5,150.22424242424242,149.1807861328125,-1.0434562914299192,Training:office3
office3_960_82_bout,960,82,2,5.016,0.94,1.255,0.0,5.016,2.39,1.255,0.0,5.016,3.84,1.255,0.0,0.985,1.99,1.255,180.0,0.985,0.54,1.255,180.0,6.0,5.5,160.02424242424246,161.2877197265625,1.263477302320041,Training:office3
office3_960_246_bout,960,246,2,5.016,0.94,1.255,0.0,5.016,2.39,1.255,0.0,5.016,3.84,1.255,0.0,0.985,1.99,1.255,180.0,0.985,0.54,1.255,180.0,6.0,5.5,117.87878787878788,119.8609619140625,1.9821740352746247,Training:office3
office3_660_164_bout,660,164,2,5.016,0.94,1.255,0.0,5.016,2.39,1.255,0.0,5.016,3.84,1.255,0.0,0.985,1.99,1.255,180.0,0.985,0.54,1.255,180.0,6.0,5.5,155.8181818181818,157.8385009765625,2.020319158380687,Training:office3
office3_0_164_bout,0,164,2,5.016,0.94,1.255,0.0,5.016,2.39,1.255,0.0,5.016,3.84,1.255,0.0,0.985,1.99,1.255,180.0,0.985,0.54,1.255,180.0,6.0,5.5,168.43030303030304,170.3385009765625,1.9081979462594632,Training:office3
office3_0_82_aout,0,82,1,5.016,0.94,1.255,0.0,5.016,2.39,1.255,0.0,5.016,3.84,1.255,0.0,0.985,1.99,1.255,180.0,0.985,0.54,1.255,180.0,6.0,5.5,151.33939393939394,144.4571533203125,-6.882240619081443,Training:office3
office3_960_82_aout,960,82,1,5.016,0.94,1.255,0.0,5.016,2.39,1.255,0.0,5.016,3.84,1.255,0.0,0.985,1.99,1.255,180.0,0.985,0.54,1.255,180.0,6.0,5.5,158.2181818181818,161.6783447265625,3.4601629083807097,Training:office3
office3_0_246_bout,0,246,2,5.016,0.94,1.255,0.0,5.016,2.39,1.255,0.0,5.016,3.84,1.255,0.0,0.985,1.99,1.255,180.0,0.985,0.54,1.255,180.0,6.0,5.5,129.6121212121212,120.7598876953125,-8.852233516808695,Training:office3
office3_0_0,0,0,3,5.016,0.94,1.255,0.0,5.016,2.39,1.255,0.0,5.016,3.84,1.255,0.0,0.985,1.99,1.255,180.0,0.985,0.54,1.255,180.0,6.0,5.5,160.59393939393937,157.3961181640625,-3.1978212298768653,Training:office3
office3_0_82_bout,0,82,2,5.016,0.94,1.255,0.0,5.016,2.39,1.255,0.0,5.016,3.84,1.255,0.0,0.985,1.99,1.255,180.0,0.985,0.54,1.255,180.0,6.0,5.5,143.9090909090909,139.1280517578125,-4.7810391512784065,Training:office3
office3_660_246_bout,660,246,2,5.016,0.94,1.255,0.0,5.016,2.39,1.255,0.0,5.016,3.84,1.255,0.0,0.985,1.99,1.255,180.0,0.985,0.54,1.255,180.0,6.0,5.5,168.76363636363638,161.1129150390625,-7.65072132457388,Training:office3
office3_0_246_aout,0,246,1,5.016,0.94,1.255,0.0,5.016,2.39,1.255,0.0,5.016,3.84,1.255,0.0,0.985,1.99,1.255,180.0,0.985,0.54,1.255,180.0,6.0,5.5,170.2909090909091,150.7154541015625,-19.57545498934661,Training:office3
office3_660_164_aout,660,164,1,5.016,0.94,1.255,0.0,5.016,2.39,1.255,0.0,5.016,3.84,1.255,0.0,0.985,1.99,1.255,180.0,0.985,0.54,1.255,180.0,6.0,5.5,109.20000000000002,115.6021728515625,6.402172851562483,Training:office3
office3_360_82_aout,360,82,1,5.016,0.94,1.255,0.0,5.016,2.39,1.255,0.0,5.016,3.84,1.255,0.0,0.985,1.99,1.255,180.0,0.985,0.54,1.255,180.0,6.0,5.5,155.72727272727272,156.9136962890625,1.1864235617897805,Training:office3
office3_660_246_aout,660,246,1,5.016,0.94,1.255,0.0,5.016,2.39,1.255,0.0,5.016,3.84,1.255,0.0,0.985,1.99,1.255,180.0,0.985,0.54,1.255,180.0,6.0,5.5,136.86666666666667,141.5430908203125,4.676424153645826,Training:office3
office3_660_82_bout,660,82,2,5.016,0.94,1.255,0.0,5.016,2.39,1.255,0.0,5.016,3.84,1.255,0.0,0.985,1.99,1.255,180.0,0.985,0.54,1.255,180.0,6.0,5.5,175.3090909090909,180.8409423828125,5.531851473721588,Training:office3
office3_360_164_aout,360,164,1,5.016,0.94,1.255,0.0,5.016,2.39,1.255,0.0,5.016,3.84,1.255,0.0,0.985,1.99,1.255,180.0,0.985,0.54,1.255,180.0,6.0,5.5,155.44848484848484,143.5504150390625,-11.898069809422338,Training:office3
office3_360_0,360,0,3,5.016,0.94,1.255,0.0,5.016,2.39,1.255,0.0,5.016,3.84,1.255,0.0,0.985,1.99,1.255,180.0,0.985,0.54,1.255,180.0,6.0,5.5,169.53939393939396,166.9508056640625,-2.5885882753314604,Training:office3
office3_960_0,960,0,3,5.016,0.94,1.255,0.0,5.016,2.39,1.255,0.0,5.016,3.84,1.255,0.0,0.985,1.99,1.255,180.0,0.985,0.54,1.255,180.0,6.0,5.5,179.24242424242425,171.3121337890625,-7.930290453361749,Training:office3
office3_660_82_aout,660,82,1,5.016,0.94,1.255,0.0,5.016,2.39,1.255,0.0,5.016,3.84,1.255,0.0,0.985,1.99,1.255,180.0,0.985,0.54,1.255,180.0,6.0,5.5,177.06060606060606,173.1427001953125,-3.9179058652935623,Training:office3
office3_0_164_aout,0,164,1,5.016,0.94,1.255,0.0,5.016,2.39,1.255,0.0,5.016,3.84,1.255,0.0,0.985,1.99,1.255,180.0,0.985,0.54,1.255,180.0,6.0,5.5,151.6909090909091,151.5523681640625,-0.1385409268465878,Training:office3
office3_360_246_bout,360,246,2,5.016,0.94,1.255,0.0,5.016,2.39,1.255,0.0,5.016,3.84,1.255,0.0,0.985,1.99,1.255,180.0,0.985,0.54,1.255,180.0,6.0,5.5,159.86666666666667,159.8126220703125,-0.054044596354174246,Training:office3
office3_960_246_aout,960,246,1,5.016,0.94,1.255,0.0,5.016,2.39,1.255,0.0,5.016,3.84,1.255,0.0,0.985,1.99,1.255,180.0,0.985,0.54,1.255,180.0,6.0,5.5,134.1818181818182,146.0152587890625,11.833440607244313,Training:office3
office3_960_164_bout,960,164,2,5.016,0.94,1.255,0.0,5.016,2.39,1.255,0.0,5.016,3.84,1.255,0.0,0.985,1.99,1.255,180.0,0.985,0.54,1.255,180.0,6.0,5.5,155.07272727272726,151.2359619140625,-3.8367653586647634,Training:office3
office3_360_246_aout,360,246,1,5.016,0.94,1.255,0.0,5.016,2.39,1.255,0.0,5.016,3.84,1.255,0.0,0.985,1.99,1.255,180.0,0.985,0.54,1.255,180.0,6.0,5.5,138.46666666666667,127.0880126953125,-11.378653971354169,Training:office3
office3_360_164_bout,360,164,2,5.016,0.94,1.255,0.0,5.016,2.39,1.255,0.0,5.016,3.84,1.255,0.0,0.985,1.99,1.255,180.0,0.985,0.54,1.255,180.0,6.0,5.5,155.8969696969697,164.9010009765625,9.004031279592795,Training:office3
office3_660_0,660,0,3,5.016,0.94,1.255,0.0,5.016,2.39,1.255,0.0,5.016,3.84,1.255,0.0,0.985,1.99,1.255,180.0,0.985,0.54,1.255,180.0,6.0,5.5,182.64242424242423,172.3287353515625,-10.313688890861727,Training:office3
office3_360_82_bout,360,82,2,5.016,0.94,1.255,0.0,5.016,2.39,1.255,0.0,5.016,3.84,1.255,0.0,0.985,1.99,1.255,180.0,0.985,0.54,1.255,180.0,6.0,5.5,148.4909090909091,141.0089111328125,-7.481997958096599,Training:office3
office16_360_164_bout,360,164,2,7.735,2.505,1.255,180.0,6.26,3.485,1.255,270.0,4.81,3.485,1.255,270.0,5.86,1.566,1.255,90.0,4.41,1.566,1.255,90.0,9.0,5.0,130.73333333333332,122.0047607421875,-8.72857259114582,Training:office16
office16_660_246_aout,660,246,1,7.735,2.505,1.255,180.0,6.26,3.485,1.255,270.0,4.81,3.485,1.255,270.0,5.86,1.566,1.255,90.0,4.41,1.566,1.255,90.0,9.0,5.0,143.0088888888889,133.1512451171875,-9.85764377170139,Training:office16
office16_660_82_bout,660,82,2,7.735,2.505,1.255,180.0,6.26,3.485,1.255,270.0,4.81,3.485,1.255,270.0,5.86,1.566,1.255,90.0,4.41,1.566,1.255,90.0,9.0,5.0,132.5688888888889,125.8231201171875,-6.7457687717013926,Training:office16
office16_660_82_aout,660,82,1,7.735,2.505,1.255,180.0,6.26,3.485,1.255,270.0,4.81,3.485,1.255,270.0,5.86,1.566,1.255,90.0,4.41,1.566,1.255,90.0,9.0,5.0,132.28,125.5242919921875,-6.755708007812501,Training:office16
office16_660_164_bout,660,164,2,7.735,2.505,1.255,180.0,6.26,3.485,1.255,270.0,4.81,3.485,1.255,270.0,5.86,1.566,1.255,90.0,4.41,1.566,1.255,90.0,9.0,5.0,131.5911111111111,132.7781982421875,1.187087131076396,Training:office16
office16_0_164_aout,0,164,1,7.735,2.505,1.255,180.0,6.26,3.485,1.255,270.0,4.81,3.485,1.255,270.0,5.86,1.566,1.255,90.0,4.41,1.566,1.255,90.0,9.0,5.0,138.1288888888889,131.7645263671875,-6.364362521701395,Training:office16
office16_0_82_aout,0,82,1,7.735,2.505,1.255,180.0,6.26,3.485,1.255,270.0,4.81,3.485,1.255,270.0,5.86,1.566,1.255,90.0,4.41,1.566,1.255,90.0,9.0,5.0,147.1822222222222,163.0477294921875,15.865507269965292,Training:office16
office16_660_164_aout,660,164,1,7.735,2.505,1.255,180.0,6.26,3.485,1.255,270.0,4.81,3.485,1.255,270.0,5.86,1.566,1.255,90.0,4.41,1.566,1.255,90.0,9.0,5.0,136.7911111111111,134.7322998046875,-2.0588113064235927,Training:office16
office16_660_246_bout,660,246,2,7.735,2.505,1.255,180.0,6.26,3.485,1.255,270.0,4.81,3.485,1.255,270.0,5.86,1.566,1.255,90.0,4.41,1.566,1.255,90.0,9.0,5.0,146.2577777777778,142.0633544921875,-4.19442328559029,Training:office16
office16_360_246_bout,360,246,2,7.735,2.505,1.255,180.0,6.26,3.485,1.255,270.0,4.81,3.485,1.255,270.0,5.86,1.566,1.255,90.0,4.41,1.566,1.255,90.0,9.0,5.0,128.1511111111111,128.3953857421875,0.2442746310763937,Training:office16
office16_960_82_aout,960,82,1,7.735,2.505,1.255,180.0,6.26,3.485,1.255,270.0,4.81,3.485,1.255,270.0,5.86,1.566,1.255,90.0,4.41,1.566,1.255,90.0,9.0,5.0,163.27555555555557,165.0692138671875,1.7936583116319298,Training:office16
office16_360_82_bout,360,82,2,7.735,2.505,1.255,180.0,6.26,3.485,1.255,270.0,4.81,3.485,1.255,270.0,5.86,1.566,1.255,90.0,4.41,1.566,1.255,90.0,9.0,5.0,132.2088888888889,134.3338623046875,2.1249734157985927,Training:office16
office16_360_82_aout,360,82,1,7.735,2.505,1.255,180.0,6.26,3.485,1.255,270.0,4.81,3.485,1.255,270.0,5.86,1.566,1.255,90.0,4.41,1.566,1.255,90.0,9.0,5.0,134.93333333333334,133.3367919921875,-1.5965413411458371,Training:office16
office16_0_0,0,0,3,7.735,2.505,1.255,180.0,6.26,3.485,1.255,270.0,4.81,3.485,1.255,270.0,5.86,1.566,1.255,90.0,4.41,1.566,1.255,90.0,9.0,5.0,147.07999999999998,144.6336669921875,-2.446333007812484,Training:office16
office16_960_164_bout,960,164,2,7.735,2.505,1.255,180.0,6.26,3.485,1.255,270.0,4.81,3.485,1.255,270.0,5.86,1.566,1.255,90.0,4.41,1.566,1.255,90.0,9.0,5.0,149.96444444444444,138.4168701171875,-11.547574327256939,Training:office16
office16_0_246_aout,0,246,1,7.735,2.505,1.255,180.0,6.26,3.485,1.255,270.0,4.81,3.485,1.255,270.0,5.86,1.566,1.255,90.0,4.41,1.566,1.255,90.0,9.0,5.0,159.0977777777778,149.0467529296875,-10.051024848090293,Training:office16
office16_360_164_aout,360,164,1,7.735,2.505,1.255,180.0,6.26,3.485,1.255,270.0,4.81,3.485,1.255,270.0,5.86,1.566,1.255,90.0,4.41,1.566,1.255,90.0,9.0,5.0,139.95111111111112,151.8768310546875,11.925719943576382,Training:office16
office16_360_0,360,0,3,7.735,2.505,1.255,180.0,6.26,3.485,1.255,270.0,4.81,3.485,1.255,270.0,5.86,1.566,1.255,90.0,4.41,1.566,1.255,90.0,9.0,5.0,121.75111111111111,103.6180419921875,-18.133069118923615,Training:office16
office16_0_82_bout,0,82,2,7.735,2.505,1.255,180.0,6.26,3.485,1.255,270.0,4.81,3.485,1.255,270.0,5.86,1.566,1.255,90.0,4.41,1.566,1.255,90.0,9.0,5.0,170.83555555555557,166.2469482421875,-4.5886073133680725,Training:office16
office16_960_246_aout,960,246,1,7.735,2.505,1.255,180.0,6.26,3.485,1.255,270.0,4.81,3.485,1.255,270.0,5.86,1.566,1.255,90.0,4.41,1.566,1.255,90.0,9.0,5.0,166.04,157.5643310546875,-8.475668945312492,Training:office16
office16_960_164_aout,960,164,1,7.735,2.505,1.255,180.0,6.26,3.485,1.255,270.0,4.81,3.485,1.255,270.0,5.86,1.566,1.255,90.0,4.41,1.566,1.255,90.0,9.0,5.0,140.8488888888889,142.3944091796875,1.5455202907986063,Training:office16
office16_0_164_bout,0,164,2,7.735,2.505,1.255,180.0,6.26,3.485,1.255,270.0,4.81,3.485,1.255,270.0,5.86,1.566,1.255,90.0,4.41,1.566,1.255,90.0,9.0,5.0,151.76444444444445,150.0692138671875,-1.6952305772569503,Training:office16
office16_0_246_bout,0,246,2,7.735,2.505,1.255,180.0,6.26,3.485,1.255,270.0,4.81,3.485,1.255,270.0,5.86,1.566,1.255,90.0,4.41,1.566,1.255,90.0,9.0,5.0,156.54222222222222,152.9764404296875,-3.5657817925347217,Training:office16
office16_960_82_bout,960,82,2,7.735,2.505,1.255,180.0,6.26,3.485,1.255,270.0,4.81,3.485,1.255,270.0,5.86,1.566,1.255,90.0,4.41,1.566,1.255,90.0,9.0,5.0,152.84444444444443,146.2479248046875,-6.596519639756934,Training:office16
office16_660_0,660,0,3,7.735,2.505,1.255,180.0,6.26,3.485,1.255,270.0,4.81,3.485,1.255,270.0,5.86,1.566,1.255,90.0,4.41,1.566,1.255,90.0,9.0,5.0,149.47111111111113,144.2615966796875,-5.209514431423628,Training:office16
office16_360_246_aout,360,246,1,7.735,2.505,1.255,180.0,6.26,3.485,1.255,270.0,4.81,3.485,1.255,270.0,5.86,1.566,1.255,90.0,4.41,1.566,1.255,90.0,9.0,5.0,140.4088888888889,131.5975341796875,-8.811354709201396,Training:office16
office16_960_0,960,0,3,7.735,2.505,1.255,180.0,6.26,3.485,1.255,270.0,4.81,3.485,1.255,270.0,5.86,1.566,1.255,90.0,4.41,1.566,1.255,90.0,9.0,5.0,151.88444444444443,152.8359375,0.9514930555555736,Training:office16
office16_960_246_bout,960,246,2,7.735,2.505,1.255,180.0,6.26,3.485,1.255,270.0,4.81,3.485,1.255,270.0,5.86,1.566,1.255,90.0,4.41,1.566,1.255,90.0,9.0,5.0,155.32888888888888,152.75390625,-2.5749826388888835,Training:office16
office10_360_164_bout,360,164,2,1.25,3.02,1.255,0.0,3.125,3.96,1.255,270.0,4.575,3.96,1.255,270.0,4.175,2.04,1.255,90.0,2.725,2.04,1.255,90.0,7.0,6.0,97.74761904761904,-402552063131.3812,-402552063229.12885,Test data
office10_660_246_aout,660,246,1,1.25,3.02,1.255,0.0,3.125,3.96,1.255,270.0,4.575,3.96,1.255,270.0,4.175,2.04,1.255,90.0,2.725,2.04,1.255,90.0,7.0,6.0,124.20476190476192,-155849000107.84058,-155849000232.04535,Test data
office10_660_82_bout,660,82,2,1.25,3.02,1.255,0.0,3.125,3.96,1.255,270.0,4.575,3.96,1.255,270.0,4.175,2.04,1.255,90.0,2.725,2.04,1.255,90.0,7.0,6.0,111.78571428571428,-339941274283.1332,-339941274394.9189,Test data
office10_660_82_aout,660,82,1,1.25,3.02,1.255,0.0,3.125,3.96,1.255,270.0,4.575,3.96,1.255,270.0,4.175,2.04,1.255,90.0,2.725,2.04,1.255,90.0,7.0,6.0,117.77619047619048,-440350033085.1942,-440350033202.9704,Test data
office10_660_164_bout,660,164,2,1.25,3.02,1.255,0.0,3.125,3.96,1.255,270.0,4.575,3.96,1.255,270.0,4.175,2.04,1.255,90.0,2.725,2.04,1.255,90.0,7.0,6.0,84.56190476190476,-439984094533.94495,-439984094618.50684,Test data
office10_0_164_aout,0,164,1,1.25,3.02,1.255,0.0,3.125,3.96,1.255,270.0,4.575,3.96,1.255,270.0,4.175,2.04,1.255,90.0,2.725,2.04,1.255,90.0,7.0,6.0,163.34285714285716,1138362968368.0493,1138362968204.7065,Test data
office10_0_82_aout,0,82,1,1.25,3.02,1.255,0.0,3.125,3.96,1.255,270.0,4.575,3.96,1.255,270.0,4.175,2.04,1.255,90.0,2.725,2.04,1.255,90.0,7.0,6.0,143.9857142857143,1850379765233.4272,1850379765089.4417,Test data
office10_660_164_aout,660,164,1,1.25,3.02,1.255,0.0,3.125,3.96,1.255,270.0,4.575,3.96,1.255,270.0,4.175,2.04,1.255,90.0,2.725,2.04,1.255,90.0,7.0,6.0,85.16190476190476,-364124066013.74316,-364124066098.9051,Test data
office10_660_246_bout,660,246,2,1.25,3.02,1.255,0.0,3.125,3.96,1.255,270.0,4.575,3.96,1.255,270.0,4.175,2.04,1.255,90.0,2.725,2.04,1.255,90.0,7.0,6.0,87.10952380952382,-417195703354.36975,-417195703441.47925,Test data
office10_360_246_bout,360,246,2,1.25,3.02,1.255,0.0,3.125,3.96,1.255,270.0,4.575,3.96,1.255,270.0,4.175,2.04,1.255,90.0,2.725,2.04,1.255,90.0,7.0,6.0,161.51904761904763,-267235503382.77454,-267235503544.29358,Test data
office10_960_82_aout,960,82,1,1.25,3.02,1.255,0.0,3.125,3.96,1.255,270.0,4.575,3.96,1.255,270.0,4.175,2.04,1.255,90.0,2.725,2.04,1.255,90.0,7.0,6.0,137.48095238095237,-694949161729.0181,-694949161866.499,Test data
office10_360_82_bout,360,82,2,1.25,3.02,1.255,0.0,3.125,3.96,1.255,270.0,4.575,3.96,1.255,270.0,4.175,2.04,1.255,90.0,2.725,2.04,1.255,90.0,7.0,6.0,105.5142857142857,-394166045221.593,-394166045327.1073,Test data
office10_360_82_aout,360,82,1,1.25,3.02,1.255,0.0,3.125,3.96,1.255,270.0,4.575,3.96,1.255,270.0,4.175,2.04,1.255,90.0,2.725,2.04,1.255,90.0,7.0,6.0,99.41904761904762,-266247785142.26746,-266247785241.6865,Test data
office10_0_0,0,0,3,1.25,3.02,1.255,0.0,3.125,3.96,1.255,270.0,4.575,3.96,1.255,270.0,4.175,2.04,1.255,90.0,2.725,2.04,1.255,90.0,7.0,6.0,188.2333333333333,1626642758029.0244,1626642757840.791,Test data
office10_960_164_bout,960,164,2,1.25,3.02,1.255,0.0,3.125,3.96,1.255,270.0,4.575,3.96,1.255,270.0,4.175,2.04,1.255,90.0,2.725,2.04,1.255,90.0,7.0,6.0,123.57619047619048,-681969450193.8313,-681969450317.4075,Test data
office10_0_246_aout,0,246,1,1.25,3.02,1.255,0.0,3.125,3.96,1.255,270.0,4.575,3.96,1.255,270.0,4.175,2.04,1.255,90.0,2.725,2.04,1.255,90.0,7.0,6.0,189.7761904761905,615099592835.3394,615099592645.5631,Test data
office10_360_164_aout,360,164,1,1.25,3.02,1.255,0.0,3.125,3.96,1.255,270.0,4.575,3.96,1.255,270.0,4.175,2.04,1.255,90.0,2.725,2.04,1.255,90.0,7.0,6.0,110.70476190476192,-410820704830.7423,-410820704941.4471,Test data
office10_360_0,360,0,3,1.25,3.02,1.255,0.0,3.125,3.96,1.255,270.0,4.575,3.96,1.255,270.0,4.175,2.04,1.255,90.0,2.725,2.04,1.255,90.0,7.0,6.0,151.25238095238095,-205145802598.99927,-205145802750.25165,Test data
office10_0_82_bout,0,82,2,1.25,3.02,1.255,0.0,3.125,3.96,1.255,270.0,4.575,3.96,1.255,270.0,4.175,2.04,1.255,90.0,2.725,2.04,1.255,90.0,7.0,6.0,183.47142857142856,1636222680685.0522,1636222680501.5808,Test data
office10_960_246_aout,960,246,1,1.25,3.02,1.255,0.0,3.125,3.96,1.255,270.0,4.575,3.96,1.255,270.0,4.175,2.04,1.255,90.0,2.725,2.04,1.255,90.0,7.0,6.0,140.32857142857142,-471587552993.8446,-471587553134.17316,Test data
office10_960_164_aout,960,164,1,1.25,3.02,1.255,0.0,3.125,3.96,1.255,270.0,4.575,3.96,1.255,270.0,4.175,2.04,1.255,90.0,2.725,2.04,1.255,90.0,7.0,6.0,141.27142857142854,-637445358793.7278,-637445358934.9993,Test data
office10_0_164_bout,0,164,2,1.25,3.02,1.255,0.0,3.125,3.96,1.255,270.0,4.575,3.96,1.255,270.0,4.175,2.04,1.255,90.0,2.725,2.04,1.255,90.0,7.0,6.0,137.67142857142858,1434804685914.6963,1434804685777.025,Test data
office10_0_246_bout,0,246,2,1.25,3.02,1.255,0.0,3.125,3.96,1.255,270.0,4.575,3.96,1.255,270.0,4.175,2.04,1.255,90.0,2.725,2.04,1.255,90.0,7.0,6.0,141.1809523809524,1403112601436.0977,1403112601294.9167,Test data
office10_960_82_bout,960,82,2,1.25,3.02,1.255,0.0,3.125,3.96,1.255,270.0,4.575,3.96,1.255,270.0,4.175,2.04,1.255,90.0,2.725,2.04,1.255,90.0,7.0,6.0,128.9,-257605887865.3452,-257605887994.2452,Test data
office10_660_0,660,0,3,1.25,3.02,1.255,0.0,3.125,3.96,1.255,270.0,4.575,3.96,1.255,270.0,4.175,2.04,1.255,90.0,2.725,2.04,1.255,90.0,7.0,6.0,62.96190476190476,392231554776.39307,392231554713.43115,Test data
office10_360_246_aout,360,246,1,1.25,3.02,1.255,0.0,3.125,3.96,1.255,270.0,4.575,3.96,1.255,270.0,4.175,2.04,1.255,90.0,2.725,2.04,1.255,90.0,7.0,6.0,138.5952380952381,-398336844475.2201,-398336844613.8153,Test data
office10_960_0,960,0,3,1.25,3.02,1.255,0.0,3.125,3.96,1.255,270.0,4.575,3.96,1.255,270.0,4.175,2.04,1.255,90.0,2.725,2.04,1.255,90.0,7.0,6.0,128.59047619047618,1323952175089.0737,1323952174960.4832,Test data
office10_960_246_bout,960,246,2,1.25,3.02,1.255,0.0,3.125,3.96,1.255,270.0,4.575,3.96,1.255,270.0,4.175,2.04,1.255,90.0,2.725,2.04,1.255,90.0,7.0,6.0,145.46190476190478,-1003598256713.9552,-1003598256859.4171,Test data
