case_name,aircon,ventilation,exhaust,1_x,1_y,1_z,1_angle,2_x,2_y,2_z,2_angle,3_x,3_y,3_z,3_angle,4_x,4_y,4_z,4_angle,5_x,5_y,5_z,5_angle,office_size_x,office_size_y,RoI
office2_960_164_aout,960,164,1,3.78,1.265,1.255,90.0,4.76,2.74,1.255,180.0,4.76,4.19,1.255,180.0,2.84,4.59,1.255,0.0,2.84,3.14,1.255,0.0,6.0,5.5,198.9090909090909
office2_960_82_bout,960,82,2,3.78,1.265,1.255,90.0,4.76,2.74,1.255,180.0,4.76,4.19,1.255,180.0,2.84,4.59,1.255,0.0,2.84,3.14,1.255,0.0,6.0,5.5,220.0848484848485
office2_960_246_bout,960,246,2,3.78,1.265,1.255,90.0,4.76,2.74,1.255,180.0,4.76,4.19,1.255,180.0,2.84,4.59,1.255,0.0,2.84,3.14,1.255,0.0,6.0,5.5,224.3818181818182
office2_660_164_bout,660,164,2,3.78,1.265,1.255,90.0,4.76,2.74,1.255,180.0,4.76,4.19,1.255,180.0,2.84,4.59,1.255,0.0,2.84,3.14,1.255,0.0,6.0,5.5,135.40606060606063
office2_0_164_bout,0,164,2,3.78,1.265,1.255,90.0,4.76,2.74,1.255,180.0,4.76,4.19,1.255,180.0,2.84,4.59,1.255,0.0,2.84,3.14,1.255,0.0,6.0,5.5,183.32727272727277
office2_0_82_aout,0,82,1,3.78,1.265,1.255,90.0,4.76,2.74,1.255,180.0,4.76,4.19,1.255,180.0,2.84,4.59,1.255,0.0,2.84,3.14,1.255,0.0,6.0,5.5,218.9454545454545
office2_960_82_aout,960,82,1,3.78,1.265,1.255,90.0,4.76,2.74,1.255,180.0,4.76,4.19,1.255,180.0,2.84,4.59,1.255,0.0,2.84,3.14,1.255,0.0,6.0,5.5,208.4848484848485
office2_0_246_bout,0,246,2,3.78,1.265,1.255,90.0,4.76,2.74,1.255,180.0,4.76,4.19,1.255,180.0,2.84,4.59,1.255,0.0,2.84,3.14,1.255,0.0,6.0,5.5,232.1818181818182
office2_0_0,0,0,3,3.78,1.265,1.255,90.0,4.76,2.74,1.255,180.0,4.76,4.19,1.255,180.0,2.84,4.59,1.255,0.0,2.84,3.14,1.255,0.0,6.0,5.5,204.2242424242424
office2_0_82_bout,0,82,2,3.78,1.265,1.255,90.0,4.76,2.74,1.255,180.0,4.76,4.19,1.255,180.0,2.84,4.59,1.255,0.0,2.84,3.14,1.255,0.0,6.0,5.5,230.1393939393939
office2_660_246_bout,660,246,2,3.78,1.265,1.255,90.0,4.76,2.74,1.255,180.0,4.76,4.19,1.255,180.0,2.84,4.59,1.255,0.0,2.84,3.14,1.255,0.0,6.0,5.5,175.62424242424242
office2_0_246_aout,0,246,1,3.78,1.265,1.255,90.0,4.76,2.74,1.255,180.0,4.76,4.19,1.255,180.0,2.84,4.59,1.255,0.0,2.84,3.14,1.255,0.0,6.0,5.5,240.43636363636364
office2_660_164_aout,660,164,1,3.78,1.265,1.255,90.0,4.76,2.74,1.255,180.0,4.76,4.19,1.255,180.0,2.84,4.59,1.255,0.0,2.84,3.14,1.255,0.0,6.0,5.5,222.52121212121216
office2_360_82_aout,360,82,1,3.78,1.265,1.255,90.0,4.76,2.74,1.255,180.0,4.76,4.19,1.255,180.0,2.84,4.59,1.255,0.0,2.84,3.14,1.255,0.0,6.0,5.5,152.35151515151514
office2_660_246_aout,660,246,1,3.78,1.265,1.255,90.0,4.76,2.74,1.255,180.0,4.76,4.19,1.255,180.0,2.84,4.59,1.255,0.0,2.84,3.14,1.255,0.0,6.0,5.5,236.830303030303
office2_660_82_bout,660,82,2,3.78,1.265,1.255,90.0,4.76,2.74,1.255,180.0,4.76,4.19,1.255,180.0,2.84,4.59,1.255,0.0,2.84,3.14,1.255,0.0,6.0,5.5,202.8242424242424
office2_360_164_aout,360,164,1,3.78,1.265,1.255,90.0,4.76,2.74,1.255,180.0,4.76,4.19,1.255,180.0,2.84,4.59,1.255,0.0,2.84,3.14,1.255,0.0,6.0,5.5,201.74545454545452
office2_360_0,360,0,3,3.78,1.265,1.255,90.0,4.76,2.74,1.255,180.0,4.76,4.19,1.255,180.0,2.84,4.59,1.255,0.0,2.84,3.14,1.255,0.0,6.0,5.5,223.0848484848485
office2_960_0,960,0,3,3.78,1.265,1.255,90.0,4.76,2.74,1.255,180.0,4.76,4.19,1.255,180.0,2.84,4.59,1.255,0.0,2.84,3.14,1.255,0.0,6.0,5.5,228.04242424242423
office2_660_82_aout,660,82,1,3.78,1.265,1.255,90.0,4.76,2.74,1.255,180.0,4.76,4.19,1.255,180.0,2.84,4.59,1.255,0.0,2.84,3.14,1.255,0.0,6.0,5.5,212.3939393939394
office2_0_164_aout,0,164,1,3.78,1.265,1.255,90.0,4.76,2.74,1.255,180.0,4.76,4.19,1.255,180.0,2.84,4.59,1.255,0.0,2.84,3.14,1.255,0.0,6.0,5.5,238.34545454545452
office2_360_246_bout,360,246,2,3.78,1.265,1.255,90.0,4.76,2.74,1.255,180.0,4.76,4.19,1.255,180.0,2.84,4.59,1.255,0.0,2.84,3.14,1.255,0.0,6.0,5.5,230.8787878787879
office2_960_246_aout,960,246,1,3.78,1.265,1.255,90.0,4.76,2.74,1.255,180.0,4.76,4.19,1.255,180.0,2.84,4.59,1.255,0.0,2.84,3.14,1.255,0.0,6.0,5.5,216.87878787878785
office2_960_164_bout,960,164,2,3.78,1.265,1.255,90.0,4.76,2.74,1.255,180.0,4.76,4.19,1.255,180.0,2.84,4.59,1.255,0.0,2.84,3.14,1.255,0.0,6.0,5.5,188.86060606060605
office2_360_246_aout,360,246,1,3.78,1.265,1.255,90.0,4.76,2.74,1.255,180.0,4.76,4.19,1.255,180.0,2.84,4.59,1.255,0.0,2.84,3.14,1.255,0.0,6.0,5.5,200.72727272727275
office2_360_164_bout,360,164,2,3.78,1.265,1.255,90.0,4.76,2.74,1.255,180.0,4.76,4.19,1.255,180.0,2.84,4.59,1.255,0.0,2.84,3.14,1.255,0.0,6.0,5.5,182.45454545454547
office2_660_0,660,0,3,3.78,1.265,1.255,90.0,4.76,2.74,1.255,180.0,4.76,4.19,1.255,180.0,2.84,4.59,1.255,0.0,2.84,3.14,1.255,0.0,6.0,5.5,210.7333333333333
office2_360_82_bout,360,82,2,3.78,1.265,1.255,90.0,4.76,2.74,1.255,180.0,4.76,4.19,1.255,180.0,2.84,4.59,1.255,0.0,2.84,3.14,1.255,0.0,6.0,5.5,222.9272727272727
office8_360_164_bout,360,164,2,0.56,3.016,1.255,90.0,2.01,3.016,1.255,90.0,0.94,0.984,1.255,270.0,2.39,0.984,1.255,270.0,3.84,0.984,1.255,270.0,9.0,4.0,139.15555555555557
office8_660_246_aout,660,246,1,0.56,3.016,1.255,90.0,2.01,3.016,1.255,90.0,0.94,0.984,1.255,270.0,2.39,0.984,1.255,270.0,3.84,0.984,1.255,270.0,9.0,4.0,174.6277777777778
office8_660_82_bout,660,82,2,0.56,3.016,1.255,90.0,2.01,3.016,1.255,90.0,0.94,0.984,1.255,270.0,2.39,0.984,1.255,270.0,3.84,0.984,1.255,270.0,9.0,4.0,169.18333333333334
office8_660_82_aout,660,82,1,0.56,3.016,1.255,90.0,2.01,3.016,1.255,90.0,0.94,0.984,1.255,270.0,2.39,0.984,1.255,270.0,3.84,0.984,1.255,270.0,9.0,4.0,169.78888888888886
office8_660_164_bout,660,164,2,0.56,3.016,1.255,90.0,2.01,3.016,1.255,90.0,0.94,0.984,1.255,270.0,2.39,0.984,1.255,270.0,3.84,0.984,1.255,270.0,9.0,4.0,168.5888888888889
office8_0_164_aout,0,164,1,0.56,3.016,1.255,90.0,2.01,3.016,1.255,90.0,0.94,0.984,1.255,270.0,2.39,0.984,1.255,270.0,3.84,0.984,1.255,270.0,9.0,4.0,166.4611111111111
office8_0_82_aout,0,82,1,0.56,3.016,1.255,90.0,2.01,3.016,1.255,90.0,0.94,0.984,1.255,270.0,2.39,0.984,1.255,270.0,3.84,0.984,1.255,270.0,9.0,4.0,151.0888888888889
office8_660_164_aout,660,164,1,0.56,3.016,1.255,90.0,2.01,3.016,1.255,90.0,0.94,0.984,1.255,270.0,2.39,0.984,1.255,270.0,3.84,0.984,1.255,270.0,9.0,4.0,167.36666666666665
office8_660_246_bout,660,246,2,0.56,3.016,1.255,90.0,2.01,3.016,1.255,90.0,0.94,0.984,1.255,270.0,2.39,0.984,1.255,270.0,3.84,0.984,1.255,270.0,9.0,4.0,177.9388888888889
office8_360_246_bout,360,246,2,0.56,3.016,1.255,90.0,2.01,3.016,1.255,90.0,0.94,0.984,1.255,270.0,2.39,0.984,1.255,270.0,3.84,0.984,1.255,270.0,9.0,4.0,153.32222222222222
office8_960_82_aout,960,82,1,0.56,3.016,1.255,90.0,2.01,3.016,1.255,90.0,0.94,0.984,1.255,270.0,2.39,0.984,1.255,270.0,3.84,0.984,1.255,270.0,9.0,4.0,177.69444444444443
office8_360_82_bout,360,82,2,0.56,3.016,1.255,90.0,2.01,3.016,1.255,90.0,0.94,0.984,1.255,270.0,2.39,0.984,1.255,270.0,3.84,0.984,1.255,270.0,9.0,4.0,157.21666666666667
office8_360_82_aout,360,82,1,0.56,3.016,1.255,90.0,2.01,3.016,1.255,90.0,0.94,0.984,1.255,270.0,2.39,0.984,1.255,270.0,3.84,0.984,1.255,270.0,9.0,4.0,149.2388888888889
office8_0_0,0,0,3,0.56,3.016,1.255,90.0,2.01,3.016,1.255,90.0,0.94,0.984,1.255,270.0,2.39,0.984,1.255,270.0,3.84,0.984,1.255,270.0,9.0,4.0,153.75555555555553
office8_960_164_bout,960,164,2,0.56,3.016,1.255,90.0,2.01,3.016,1.255,90.0,0.94,0.984,1.255,270.0,2.39,0.984,1.255,270.0,3.84,0.984,1.255,270.0,9.0,4.0,171.5
office8_0_246_aout,0,246,1,0.56,3.016,1.255,90.0,2.01,3.016,1.255,90.0,0.94,0.984,1.255,270.0,2.39,0.984,1.255,270.0,3.84,0.984,1.255,270.0,9.0,4.0,163.66666666666669
office8_360_164_aout,360,164,1,0.56,3.016,1.255,90.0,2.01,3.016,1.255,90.0,0.94,0.984,1.255,270.0,2.39,0.984,1.255,270.0,3.84,0.984,1.255,270.0,9.0,4.0,147.03333333333336
office8_360_0,360,0,3,0.56,3.016,1.255,90.0,2.01,3.016,1.255,90.0,0.94,0.984,1.255,270.0,2.39,0.984,1.255,270.0,3.84,0.984,1.255,270.0,9.0,4.0,157.33888888888887
office8_0_82_bout,0,82,2,0.56,3.016,1.255,90.0,2.01,3.016,1.255,90.0,0.94,0.984,1.255,270.0,2.39,0.984,1.255,270.0,3.84,0.984,1.255,270.0,9.0,4.0,158.79444444444442
office8_960_246_aout,960,246,1,0.56,3.016,1.255,90.0,2.01,3.016,1.255,90.0,0.94,0.984,1.255,270.0,2.39,0.984,1.255,270.0,3.84,0.984,1.255,270.0,9.0,4.0,192.5611111111111
office8_960_164_aout,960,164,1,0.56,3.016,1.255,90.0,2.01,3.016,1.255,90.0,0.94,0.984,1.255,270.0,2.39,0.984,1.255,270.0,3.84,0.984,1.255,270.0,9.0,4.0,163.37222222222223
office8_0_164_bout,0,164,2,0.56,3.016,1.255,90.0,2.01,3.016,1.255,90.0,0.94,0.984,1.255,270.0,2.39,0.984,1.255,270.0,3.84,0.984,1.255,270.0,9.0,4.0,149.52777777777777
office8_0_246_bout,0,246,2,0.56,3.016,1.255,90.0,2.01,3.016,1.255,90.0,0.94,0.984,1.255,270.0,2.39,0.984,1.255,270.0,3.84,0.984,1.255,270.0,9.0,4.0,154.89444444444445
office8_960_82_bout,960,82,2,0.56,3.016,1.255,90.0,2.01,3.016,1.255,90.0,0.94,0.984,1.255,270.0,2.39,0.984,1.255,270.0,3.84,0.984,1.255,270.0,9.0,4.0,168.5222222222222
office8_660_0,660,0,3,0.56,3.016,1.255,90.0,2.01,3.016,1.255,90.0,0.94,0.984,1.255,270.0,2.39,0.984,1.255,270.0,3.84,0.984,1.255,270.0,9.0,4.0,165.1222222222222
office8_360_246_aout,360,246,1,0.56,3.016,1.255,90.0,2.01,3.016,1.255,90.0,0.94,0.984,1.255,270.0,2.39,0.984,1.255,270.0,3.84,0.984,1.255,270.0,9.0,4.0,168.82222222222222
office8_960_0,960,0,3,0.56,3.016,1.255,90.0,2.01,3.016,1.255,90.0,0.94,0.984,1.255,270.0,2.39,0.984,1.255,270.0,3.84,0.984,1.255,270.0,9.0,4.0,175.42222222222222
office8_960_246_bout,960,246,2,0.56,3.016,1.255,90.0,2.01,3.016,1.255,90.0,0.94,0.984,1.255,270.0,2.39,0.984,1.255,270.0,3.84,0.984,1.255,270.0,9.0,4.0,183.7888888888889
office15_360_164_bout,360,164,2,3.166,3.99,1.255,0.0,3.166,2.54,1.255,0.0,1.266,4.69,1.255,0.0,1.266,3.24,1.255,0.0,1.266,1.79,1.255,0.0,7.0,6.0,119.26666666666664
office15_660_246_aout,660,246,1,3.166,3.99,1.255,0.0,3.166,2.54,1.255,0.0,1.266,4.69,1.255,0.0,1.266,3.24,1.255,0.0,1.266,1.79,1.255,0.0,7.0,6.0,153.90476190476193
office15_660_82_bout,660,82,2,3.166,3.99,1.255,0.0,3.166,2.54,1.255,0.0,1.266,4.69,1.255,0.0,1.266,3.24,1.255,0.0,1.266,1.79,1.255,0.0,7.0,6.0,147.2904761904762
office15_660_82_aout,660,82,1,3.166,3.99,1.255,0.0,3.166,2.54,1.255,0.0,1.266,4.69,1.255,0.0,1.266,3.24,1.255,0.0,1.266,1.79,1.255,0.0,7.0,6.0,146.8904761904762
office15_660_164_bout,660,164,2,3.166,3.99,1.255,0.0,3.166,2.54,1.255,0.0,1.266,4.69,1.255,0.0,1.266,3.24,1.255,0.0,1.266,1.79,1.255,0.0,7.0,6.0,136.33809523809526
office15_0_164_aout,0,164,1,3.166,3.99,1.255,0.0,3.166,2.54,1.255,0.0,1.266,4.69,1.255,0.0,1.266,3.24,1.255,0.0,1.266,1.79,1.255,0.0,7.0,6.0,144.42857142857142
office15_0_82_aout,0,82,1,3.166,3.99,1.255,0.0,3.166,2.54,1.255,0.0,1.266,4.69,1.255,0.0,1.266,3.24,1.255,0.0,1.266,1.79,1.255,0.0,7.0,6.0,146.20476190476194
office15_660_164_aout,660,164,1,3.166,3.99,1.255,0.0,3.166,2.54,1.255,0.0,1.266,4.69,1.255,0.0,1.266,3.24,1.255,0.0,1.266,1.79,1.255,0.0,7.0,6.0,158.27619047619046
office15_660_246_bout,660,246,2,3.166,3.99,1.255,0.0,3.166,2.54,1.255,0.0,1.266,4.69,1.255,0.0,1.266,3.24,1.255,0.0,1.266,1.79,1.255,0.0,7.0,6.0,149.65714285714284
office15_360_246_bout,360,246,2,3.166,3.99,1.255,0.0,3.166,2.54,1.255,0.0,1.266,4.69,1.255,0.0,1.266,3.24,1.255,0.0,1.266,1.79,1.255,0.0,7.0,6.0,129.1952380952381
office15_960_82_aout,960,82,1,3.166,3.99,1.255,0.0,3.166,2.54,1.255,0.0,1.266,4.69,1.255,0.0,1.266,3.24,1.255,0.0,1.266,1.79,1.255,0.0,7.0,6.0,147.56666666666666
office15_360_82_bout,360,82,2,3.166,3.99,1.255,0.0,3.166,2.54,1.255,0.0,1.266,4.69,1.255,0.0,1.266,3.24,1.255,0.0,1.266,1.79,1.255,0.0,7.0,6.0,124.1904761904762
office15_360_82_aout,360,82,1,3.166,3.99,1.255,0.0,3.166,2.54,1.255,0.0,1.266,4.69,1.255,0.0,1.266,3.24,1.255,0.0,1.266,1.79,1.255,0.0,7.0,6.0,153.38571428571427
office15_0_0,0,0,3,3.166,3.99,1.255,0.0,3.166,2.54,1.255,0.0,1.266,4.69,1.255,0.0,1.266,3.24,1.255,0.0,1.266,1.79,1.255,0.0,7.0,6.0,128.07619047619045
office15_960_164_bout,960,164,2,3.166,3.99,1.255,0.0,3.166,2.54,1.255,0.0,1.266,4.69,1.255,0.0,1.266,3.24,1.255,0.0,1.266,1.79,1.255,0.0,7.0,6.0,155.14285714285717
office15_0_246_aout,0,246,1,3.166,3.99,1.255,0.0,3.166,2.54,1.255,0.0,1.266,4.69,1.255,0.0,1.266,3.24,1.255,0.0,1.266,1.79,1.255,0.0,7.0,6.0,170.4190476190476
office15_360_164_aout,360,164,1,3.166,3.99,1.255,0.0,3.166,2.54,1.255,0.0,1.266,4.69,1.255,0.0,1.266,3.24,1.255,0.0,1.266,1.79,1.255,0.0,7.0,6.0,143.60476190476192
office15_360_0,360,0,3,3.166,3.99,1.255,0.0,3.166,2.54,1.255,0.0,1.266,4.69,1.255,0.0,1.266,3.24,1.255,0.0,1.266,1.79,1.255,0.0,7.0,6.0,125.63809523809525
office15_0_82_bout,0,82,2,3.166,3.99,1.255,0.0,3.166,2.54,1.255,0.0,1.266,4.69,1.255,0.0,1.266,3.24,1.255,0.0,1.266,1.79,1.255,0.0,7.0,6.0,134.31428571428577
office15_960_246_aout,960,246,1,3.166,3.99,1.255,0.0,3.166,2.54,1.255,0.0,1.266,4.69,1.255,0.0,1.266,3.24,1.255,0.0,1.266,1.79,1.255,0.0,7.0,6.0,167.0142857142857
office15_960_164_aout,960,164,1,3.166,3.99,1.255,0.0,3.166,2.54,1.255,0.0,1.266,4.69,1.255,0.0,1.266,3.24,1.255,0.0,1.266,1.79,1.255,0.0,7.0,6.0,153.57142857142858
office15_0_164_bout,0,164,2,3.166,3.99,1.255,0.0,3.166,2.54,1.255,0.0,1.266,4.69,1.255,0.0,1.266,3.24,1.255,0.0,1.266,1.79,1.255,0.0,7.0,6.0,149.2190476190476
office15_0_246_bout,0,246,2,3.166,3.99,1.255,0.0,3.166,2.54,1.255,0.0,1.266,4.69,1.255,0.0,1.266,3.24,1.255,0.0,1.266,1.79,1.255,0.0,7.0,6.0,136.64761904761903
office15_960_82_bout,960,82,2,3.166,3.99,1.255,0.0,3.166,2.54,1.255,0.0,1.266,4.69,1.255,0.0,1.266,3.24,1.255,0.0,1.266,1.79,1.255,0.0,7.0,6.0,155.7809523809524
office15_660_0,660,0,3,3.166,3.99,1.255,0.0,3.166,2.54,1.255,0.0,1.266,4.69,1.255,0.0,1.266,3.24,1.255,0.0,1.266,1.79,1.255,0.0,7.0,6.0,148.4190476190476
office15_360_246_aout,360,246,1,3.166,3.99,1.255,0.0,3.166,2.54,1.255,0.0,1.266,4.69,1.255,0.0,1.266,3.24,1.255,0.0,1.266,1.79,1.255,0.0,7.0,6.0,143.85238095238094
office15_960_0,960,0,3,3.166,3.99,1.255,0.0,3.166,2.54,1.255,0.0,1.266,4.69,1.255,0.0,1.266,3.24,1.255,0.0,1.266,1.79,1.255,0.0,7.0,6.0,149.96190476190478
office15_960_246_bout,960,246,2,3.166,3.99,1.255,0.0,3.166,2.54,1.255,0.0,1.266,4.69,1.255,0.0,1.266,3.24,1.255,0.0,1.266,1.79,1.255,0.0,7.0,6.0,152.73809523809524
office9_360_164_bout,360,164,2,1.266,2.39,1.255,0.0,1.266,0.94,1.255,0.0,3.016,2.39,1.255,0.0,3.016,0.94,1.255,0.0,4.766,0.94,1.255,0.0,9.0,4.0,175.20555555555555
office9_660_246_aout,660,246,1,1.266,2.39,1.255,0.0,1.266,0.94,1.255,0.0,3.016,2.39,1.255,0.0,3.016,0.94,1.255,0.0,4.766,0.94,1.255,0.0,9.0,4.0,192.06666666666663
office9_660_82_bout,660,82,2,1.266,2.39,1.255,0.0,1.266,0.94,1.255,0.0,3.016,2.39,1.255,0.0,3.016,0.94,1.255,0.0,4.766,0.94,1.255,0.0,9.0,4.0,182.52777777777777
office9_660_82_aout,660,82,1,1.266,2.39,1.255,0.0,1.266,0.94,1.255,0.0,3.016,2.39,1.255,0.0,3.016,0.94,1.255,0.0,4.766,0.94,1.255,0.0,9.0,4.0,198.05
office9_660_164_bout,660,164,2,1.266,2.39,1.255,0.0,1.266,0.94,1.255,0.0,3.016,2.39,1.255,0.0,3.016,0.94,1.255,0.0,4.766,0.94,1.255,0.0,9.0,4.0,197.0833333333333
office9_0_164_aout,0,164,1,1.266,2.39,1.255,0.0,1.266,0.94,1.255,0.0,3.016,2.39,1.255,0.0,3.016,0.94,1.255,0.0,4.766,0.94,1.255,0.0,9.0,4.0,151.4111111111111
office9_0_82_aout,0,82,1,1.266,2.39,1.255,0.0,1.266,0.94,1.255,0.0,3.016,2.39,1.255,0.0,3.016,0.94,1.255,0.0,4.766,0.94,1.255,0.0,9.0,4.0,150.47222222222223
office9_660_164_aout,660,164,1,1.266,2.39,1.255,0.0,1.266,0.94,1.255,0.0,3.016,2.39,1.255,0.0,3.016,0.94,1.255,0.0,4.766,0.94,1.255,0.0,9.0,4.0,189.62222222222223
office9_660_246_bout,660,246,2,1.266,2.39,1.255,0.0,1.266,0.94,1.255,0.0,3.016,2.39,1.255,0.0,3.016,0.94,1.255,0.0,4.766,0.94,1.255,0.0,9.0,4.0,181.88888888888889
office9_360_246_bout,360,246,2,1.266,2.39,1.255,0.0,1.266,0.94,1.255,0.0,3.016,2.39,1.255,0.0,3.016,0.94,1.255,0.0,4.766,0.94,1.255,0.0,9.0,4.0,183.71666666666667
office9_960_82_aout,960,82,1,1.266,2.39,1.255,0.0,1.266,0.94,1.255,0.0,3.016,2.39,1.255,0.0,3.016,0.94,1.255,0.0,4.766,0.94,1.255,0.0,9.0,4.0,211.32777777777775
office9_360_82_bout,360,82,2,1.266,2.39,1.255,0.0,1.266,0.94,1.255,0.0,3.016,2.39,1.255,0.0,3.016,0.94,1.255,0.0,4.766,0.94,1.255,0.0,9.0,4.0,179.2
office9_360_82_aout,360,82,1,1.266,2.39,1.255,0.0,1.266,0.94,1.255,0.0,3.016,2.39,1.255,0.0,3.016,0.94,1.255,0.0,4.766,0.94,1.255,0.0,9.0,4.0,165.83333333333331
office9_0_0,0,0,3,1.266,2.39,1.255,0.0,1.266,0.94,1.255,0.0,3.016,2.39,1.255,0.0,3.016,0.94,1.255,0.0,4.766,0.94,1.255,0.0,9.0,4.0,159.5222222222222
office9_960_164_bout,960,164,2,1.266,2.39,1.255,0.0,1.266,0.94,1.255,0.0,3.016,2.39,1.255,0.0,3.016,0.94,1.255,0.0,4.766,0.94,1.255,0.0,9.0,4.0,191.40555555555557
office9_0_246_aout,0,246,1,1.266,2.39,1.255,0.0,1.266,0.94,1.255,0.0,3.016,2.39,1.255,0.0,3.016,0.94,1.255,0.0,4.766,0.94,1.255,0.0,9.0,4.0,189.9555555555556
office9_360_164_aout,360,164,1,1.266,2.39,1.255,0.0,1.266,0.94,1.255,0.0,3.016,2.39,1.255,0.0,3.016,0.94,1.255,0.0,4.766,0.94,1.255,0.0,9.0,4.0,166.6611111111111
office9_360_0,360,0,3,1.266,2.39,1.255,0.0,1.266,0.94,1.255,0.0,3.016,2.39,1.255,0.0,3.016,0.94,1.255,0.0,4.766,0.94,1.255,0.0,9.0,4.0,167.82777777777778
office9_0_82_bout,0,82,2,1.266,2.39,1.255,0.0,1.266,0.94,1.255,0.0,3.016,2.39,1.255,0.0,3.016,0.94,1.255,0.0,4.766,0.94,1.255,0.0,9.0,4.0,175.25555555555556
office9_960_246_aout,960,246,1,1.266,2.39,1.255,0.0,1.266,0.94,1.255,0.0,3.016,2.39,1.255,0.0,3.016,0.94,1.255,0.0,4.766,0.94,1.255,0.0,9.0,4.0,199.76111111111112
office9_960_164_aout,960,164,1,1.266,2.39,1.255,0.0,1.266,0.94,1.255,0.0,3.016,2.39,1.255,0.0,3.016,0.94,1.255,0.0,4.766,0.94,1.255,0.0,9.0,4.0,206.82777777777775
office9_0_164_bout,0,164,2,1.266,2.39,1.255,0.0,1.266,0.94,1.255,0.0,3.016,2.39,1.255,0.0,3.016,0.94,1.255,0.0,4.766,0.94,1.255,0.0,9.0,4.0,177.05
office9_0_246_bout,0,246,2,1.266,2.39,1.255,0.0,1.266,0.94,1.255,0.0,3.016,2.39,1.255,0.0,3.016,0.94,1.255,0.0,4.766,0.94,1.255,0.0,9.0,4.0,176.17777777777778
office9_960_82_bout,960,82,2,1.266,2.39,1.255,0.0,1.266,0.94,1.255,0.0,3.016,2.39,1.255,0.0,3.016,0.94,1.255,0.0,4.766,0.94,1.255,0.0,9.0,4.0,207.26111111111112
office9_660_0,660,0,3,1.266,2.39,1.255,0.0,1.266,0.94,1.255,0.0,3.016,2.39,1.255,0.0,3.016,0.94,1.255,0.0,4.766,0.94,1.255,0.0,9.0,4.0,186.1833333333333
office9_360_246_aout,360,246,1,1.266,2.39,1.255,0.0,1.266,0.94,1.255,0.0,3.016,2.39,1.255,0.0,3.016,0.94,1.255,0.0,4.766,0.94,1.255,0.0,9.0,4.0,184.51111111111112
office9_960_0,960,0,3,1.266,2.39,1.255,0.0,1.266,0.94,1.255,0.0,3.016,2.39,1.255,0.0,3.016,0.94,1.255,0.0,4.766,0.94,1.255,0.0,9.0,4.0,202.5888888888889
office9_960_246_bout,960,246,2,1.266,2.39,1.255,0.0,1.266,0.94,1.255,0.0,3.016,2.39,1.255,0.0,3.016,0.94,1.255,0.0,4.766,0.94,1.255,0.0,9.0,4.0,216.21111111111117
office1_960_164_aout,960,164,1,4.76,2.18,1.255,180.0,3.285,3.16,1.255,270.0,1.835,3.16,1.255,270.0,1.435,1.241,1.255,90.0,2.885,1.241,1.255,90.0,6.0,5.5,157.66666666666669
office1_0_205_aout,0,205,1,4.76,2.18,1.255,180.0,3.285,3.16,1.255,270.0,1.835,3.16,1.255,270.0,1.435,1.241,1.255,90.0,2.885,1.241,1.255,90.0,6.0,5.5,236.66060606060609
office1_660_41_bout,660,41,2,4.76,2.18,1.255,180.0,3.285,3.16,1.255,270.0,1.835,3.16,1.255,270.0,1.435,1.241,1.255,90.0,2.885,1.241,1.255,90.0,6.0,5.5,179.65454545454546
office1_960_82_bout,960,82,2,4.76,2.18,1.255,180.0,3.285,3.16,1.255,270.0,1.835,3.16,1.255,270.0,1.435,1.241,1.255,90.0,2.885,1.241,1.255,90.0,6.0,5.5,195.5939393939394
office1_960_205_bout,960,205,2,4.76,2.18,1.255,180.0,3.285,3.16,1.255,270.0,1.835,3.16,1.255,270.0,1.435,1.241,1.255,90.0,2.885,1.241,1.255,90.0,6.0,5.5,167.34545454545454
office1_960_246_bout,960,246,2,4.76,2.18,1.255,180.0,3.285,3.16,1.255,270.0,1.835,3.16,1.255,270.0,1.435,1.241,1.255,90.0,2.885,1.241,1.255,90.0,6.0,5.5,219.24242424242425
office1_660_164_bout,660,164,2,4.76,2.18,1.255,180.0,3.285,3.16,1.255,270.0,1.835,3.16,1.255,270.0,1.435,1.241,1.255,90.0,2.885,1.241,1.255,90.0,6.0,5.5,169.5090909090909
office1_960_205_aout,960,205,1,4.76,2.18,1.255,180.0,3.285,3.16,1.255,270.0,1.835,3.16,1.255,270.0,1.435,1.241,1.255,90.0,2.885,1.241,1.255,90.0,6.0,5.5,176.8848484848485
office1_0_123_bout,0,123,2,4.76,2.18,1.255,180.0,3.285,3.16,1.255,270.0,1.835,3.16,1.255,270.0,1.435,1.241,1.255,90.0,2.885,1.241,1.255,90.0,6.0,5.5,201.2969696969697
office1_960_123_aout,960,123,1,4.76,2.18,1.255,180.0,3.285,3.16,1.255,270.0,1.835,3.16,1.255,270.0,1.435,1.241,1.255,90.0,2.885,1.241,1.255,90.0,6.0,5.5,217.7151515151515
office1_0_164_bout,0,164,2,4.76,2.18,1.255,180.0,3.285,3.16,1.255,270.0,1.835,3.16,1.255,270.0,1.435,1.241,1.255,90.0,2.885,1.241,1.255,90.0,6.0,5.5,222.0606060606061
office1_0_82_aout,0,82,1,4.76,2.18,1.255,180.0,3.285,3.16,1.255,270.0,1.835,3.16,1.255,270.0,1.435,1.241,1.255,90.0,2.885,1.241,1.255,90.0,6.0,5.5,188.71515151515152
office1_660_205_bout,660,205,2,4.76,2.18,1.255,180.0,3.285,3.16,1.255,270.0,1.835,3.16,1.255,270.0,1.435,1.241,1.255,90.0,2.885,1.241,1.255,90.0,6.0,5.5,175.9030303030303
office1_0_123_aout,0,123,1,4.76,2.18,1.255,180.0,3.285,3.16,1.255,270.0,1.835,3.16,1.255,270.0,1.435,1.241,1.255,90.0,2.885,1.241,1.255,90.0,6.0,5.5,218.4
office1_0_41_bout,0,41,2,4.76,2.18,1.255,180.0,3.285,3.16,1.255,270.0,1.835,3.16,1.255,270.0,1.435,1.241,1.255,90.0,2.885,1.241,1.255,90.0,6.0,5.5,224.86060606060605
office1_960_82_aout,960,82,1,4.76,2.18,1.255,180.0,3.285,3.16,1.255,270.0,1.835,3.16,1.255,270.0,1.435,1.241,1.255,90.0,2.885,1.241,1.255,90.0,6.0,5.5,200.93939393939397
office1_0_246_bout,0,246,2,4.76,2.18,1.255,180.0,3.285,3.16,1.255,270.0,1.835,3.16,1.255,270.0,1.435,1.241,1.255,90.0,2.885,1.241,1.255,90.0,6.0,5.5,211.9939393939394
office1_0_0,0,0,3,4.76,2.18,1.255,180.0,3.285,3.16,1.255,270.0,1.835,3.16,1.255,270.0,1.435,1.241,1.255,90.0,2.885,1.241,1.255,90.0,6.0,5.5,222.33939393939397
office1_0_82_bout,0,82,2,4.76,2.18,1.255,180.0,3.285,3.16,1.255,270.0,1.835,3.16,1.255,270.0,1.435,1.241,1.255,90.0,2.885,1.241,1.255,90.0,6.0,5.5,212.03030303030303
office1_660_246_bout,660,246,2,4.76,2.18,1.255,180.0,3.285,3.16,1.255,270.0,1.835,3.16,1.255,270.0,1.435,1.241,1.255,90.0,2.885,1.241,1.255,90.0,6.0,5.5,173.2
office1_0_246_aout,0,246,1,4.76,2.18,1.255,180.0,3.285,3.16,1.255,270.0,1.835,3.16,1.255,270.0,1.435,1.241,1.255,90.0,2.885,1.241,1.255,90.0,6.0,5.5,220.69090909090903
office1_660_164_aout,660,164,1,4.76,2.18,1.255,180.0,3.285,3.16,1.255,270.0,1.835,3.16,1.255,270.0,1.435,1.241,1.255,90.0,2.885,1.241,1.255,90.0,6.0,5.5,158.23030303030302
office1_0_205_bout,0,205,2,4.76,2.18,1.255,180.0,3.285,3.16,1.255,270.0,1.835,3.16,1.255,270.0,1.435,1.241,1.255,90.0,2.885,1.241,1.255,90.0,6.0,5.5,221.40606060606063
office1_660_123_bout,660,123,2,4.76,2.18,1.255,180.0,3.285,3.16,1.255,270.0,1.835,3.16,1.255,270.0,1.435,1.241,1.255,90.0,2.885,1.241,1.255,90.0,6.0,5.5,188.27878787878788
office1_660_246_aout,660,246,1,4.76,2.18,1.255,180.0,3.285,3.16,1.255,270.0,1.835,3.16,1.255,270.0,1.435,1.241,1.255,90.0,2.885,1.241,1.255,90.0,6.0,5.5,172.52727272727273
office1_960_123_bout,960,123,2,4.76,2.18,1.255,180.0,3.285,3.16,1.255,270.0,1.835,3.16,1.255,270.0,1.435,1.241,1.255,90.0,2.885,1.241,1.255,90.0,6.0,5.5,195.3212121212121
office1_660_82_bout,660,82,2,4.76,2.18,1.255,180.0,3.285,3.16,1.255,270.0,1.835,3.16,1.255,270.0,1.435,1.241,1.255,90.0,2.885,1.241,1.255,90.0,6.0,5.5,221.030303030303
office1_0_41_aout,0,41,1,4.76,2.18,1.255,180.0,3.285,3.16,1.255,270.0,1.835,3.16,1.255,270.0,1.435,1.241,1.255,90.0,2.885,1.241,1.255,90.0,6.0,5.5,226.7878787878788
office1_960_41_bout,960,41,2,4.76,2.18,1.255,180.0,3.285,3.16,1.255,270.0,1.835,3.16,1.255,270.0,1.435,1.241,1.255,90.0,2.885,1.241,1.255,90.0,6.0,5.5,240.46666666666664
office1_660_41_aout,660,41,1,4.76,2.18,1.255,180.0,3.285,3.16,1.255,270.0,1.835,3.16,1.255,270.0,1.435,1.241,1.255,90.0,2.885,1.241,1.255,90.0,6.0,5.5,192.88484848484848
office1_660_205_aout,660,205,1,4.76,2.18,1.255,180.0,3.285,3.16,1.255,270.0,1.835,3.16,1.255,270.0,1.435,1.241,1.255,90.0,2.885,1.241,1.255,90.0,6.0,5.5,187.1757575757576
office1_960_0,960,0,3,4.76,2.18,1.255,180.0,3.285,3.16,1.255,270.0,1.835,3.16,1.255,270.0,1.435,1.241,1.255,90.0,2.885,1.241,1.255,90.0,6.0,5.5,188.1151515151515
office1_660_123_aout,660,123,1,4.76,2.18,1.255,180.0,3.285,3.16,1.255,270.0,1.835,3.16,1.255,270.0,1.435,1.241,1.255,90.0,2.885,1.241,1.255,90.0,6.0,5.5,159.1939393939394
office1_660_82_aout,660,82,1,4.76,2.18,1.255,180.0,3.285,3.16,1.255,270.0,1.835,3.16,1.255,270.0,1.435,1.241,1.255,90.0,2.885,1.241,1.255,90.0,6.0,5.5,148.64848484848486
office1_0_164_aout,0,164,1,4.76,2.18,1.255,180.0,3.285,3.16,1.255,270.0,1.835,3.16,1.255,270.0,1.435,1.241,1.255,90.0,2.885,1.241,1.255,90.0,6.0,5.5,219.6909090909091
office1_960_246_aout,960,246,1,4.76,2.18,1.255,180.0,3.285,3.16,1.255,270.0,1.835,3.16,1.255,270.0,1.435,1.241,1.255,90.0,2.885,1.241,1.255,90.0,6.0,5.5,196.05454545454543
office1_960_41_aout,960,41,1,4.76,2.18,1.255,180.0,3.285,3.16,1.255,270.0,1.835,3.16,1.255,270.0,1.435,1.241,1.255,90.0,2.885,1.241,1.255,90.0,6.0,5.5,163.49696969696967
office1_960_164_bout,960,164,2,4.76,2.18,1.255,180.0,3.285,3.16,1.255,270.0,1.835,3.16,1.255,270.0,1.435,1.241,1.255,90.0,2.885,1.241,1.255,90.0,6.0,5.5,170.92727272727274
office1_660_0,660,0,3,4.76,2.18,1.255,180.0,3.285,3.16,1.255,270.0,1.835,3.16,1.255,270.0,1.435,1.241,1.255,90.0,2.885,1.241,1.255,90.0,6.0,5.5,174.87878787878788
office6_360_164_bout,360,164,2,4.734,0.81,1.255,180.0,4.734,2.26,1.255,180.0,4.734,3.71,1.255,180.0,2.984,2.26,1.255,180.0,2.984,0.81,1.255,180.0,6.0,5.5,172.92121212121214
office6_660_246_aout,660,246,1,4.734,0.81,1.255,180.0,4.734,2.26,1.255,180.0,4.734,3.71,1.255,180.0,2.984,2.26,1.255,180.0,2.984,0.81,1.255,180.0,6.0,5.5,207.2363636363636
office6_660_82_bout,660,82,2,4.734,0.81,1.255,180.0,4.734,2.26,1.255,180.0,4.734,3.71,1.255,180.0,2.984,2.26,1.255,180.0,2.984,0.81,1.255,180.0,6.0,5.5,211.34545454545452
office6_660_82_aout,660,82,1,4.734,0.81,1.255,180.0,4.734,2.26,1.255,180.0,4.734,3.71,1.255,180.0,2.984,2.26,1.255,180.0,2.984,0.81,1.255,180.0,6.0,5.5,208.5757575757576
office6_660_164_bout,660,164,2,4.734,0.81,1.255,180.0,4.734,2.26,1.255,180.0,4.734,3.71,1.255,180.0,2.984,2.26,1.255,180.0,2.984,0.81,1.255,180.0,6.0,5.5,205.0727272727273
office6_0_164_aout,0,164,1,4.734,0.81,1.255,180.0,4.734,2.26,1.255,180.0,4.734,3.71,1.255,180.0,2.984,2.26,1.255,180.0,2.984,0.81,1.255,180.0,6.0,5.5,185.1636363636364
office6_0_82_aout,0,82,1,4.734,0.81,1.255,180.0,4.734,2.26,1.255,180.0,4.734,3.71,1.255,180.0,2.984,2.26,1.255,180.0,2.984,0.81,1.255,180.0,6.0,5.5,143.96363636363637
office6_660_164_aout,660,164,1,4.734,0.81,1.255,180.0,4.734,2.26,1.255,180.0,4.734,3.71,1.255,180.0,2.984,2.26,1.255,180.0,2.984,0.81,1.255,180.0,6.0,5.5,190.8
office6_660_246_bout,660,246,2,4.734,0.81,1.255,180.0,4.734,2.26,1.255,180.0,4.734,3.71,1.255,180.0,2.984,2.26,1.255,180.0,2.984,0.81,1.255,180.0,6.0,5.5,206.8181818181818
office6_360_246_bout,360,246,2,4.734,0.81,1.255,180.0,4.734,2.26,1.255,180.0,4.734,3.71,1.255,180.0,2.984,2.26,1.255,180.0,2.984,0.81,1.255,180.0,6.0,5.5,199.52121212121213
office6_960_82_aout,960,82,1,4.734,0.81,1.255,180.0,4.734,2.26,1.255,180.0,4.734,3.71,1.255,180.0,2.984,2.26,1.255,180.0,2.984,0.81,1.255,180.0,6.0,5.5,199.7636363636364
office6_360_82_bout,360,82,2,4.734,0.81,1.255,180.0,4.734,2.26,1.255,180.0,4.734,3.71,1.255,180.0,2.984,2.26,1.255,180.0,2.984,0.81,1.255,180.0,6.0,5.5,187.36969696969692
office6_360_82_aout,360,82,1,4.734,0.81,1.255,180.0,4.734,2.26,1.255,180.0,4.734,3.71,1.255,180.0,2.984,2.26,1.255,180.0,2.984,0.81,1.255,180.0,6.0,5.5,170.5212121212121
office6_0_0,0,0,3,4.734,0.81,1.255,180.0,4.734,2.26,1.255,180.0,4.734,3.71,1.255,180.0,2.984,2.26,1.255,180.0,2.984,0.81,1.255,180.0,6.0,5.5,162.64848484848486
office6_960_164_bout,960,164,2,4.734,0.81,1.255,180.0,4.734,2.26,1.255,180.0,4.734,3.71,1.255,180.0,2.984,2.26,1.255,180.0,2.984,0.81,1.255,180.0,6.0,5.5,214.2848484848485
office6_0_246_aout,0,246,1,4.734,0.81,1.255,180.0,4.734,2.26,1.255,180.0,4.734,3.71,1.255,180.0,2.984,2.26,1.255,180.0,2.984,0.81,1.255,180.0,6.0,5.5,161.9030303030303
office6_360_164_aout,360,164,1,4.734,0.81,1.255,180.0,4.734,2.26,1.255,180.0,4.734,3.71,1.255,180.0,2.984,2.26,1.255,180.0,2.984,0.81,1.255,180.0,6.0,5.5,196.2969696969697
office6_360_0,360,0,3,4.734,0.81,1.255,180.0,4.734,2.26,1.255,180.0,4.734,3.71,1.255,180.0,2.984,2.26,1.255,180.0,2.984,0.81,1.255,180.0,6.0,5.5,159.92727272727274
office6_0_82_bout,0,82,2,4.734,0.81,1.255,180.0,4.734,2.26,1.255,180.0,4.734,3.71,1.255,180.0,2.984,2.26,1.255,180.0,2.984,0.81,1.255,180.0,6.0,5.5,159.33939393939394
office6_960_246_aout,960,246,1,4.734,0.81,1.255,180.0,4.734,2.26,1.255,180.0,4.734,3.71,1.255,180.0,2.984,2.26,1.255,180.0,2.984,0.81,1.255,180.0,6.0,5.5,225.3818181818182
office6_960_164_aout,960,164,1,4.734,0.81,1.255,180.0,4.734,2.26,1.255,180.0,4.734,3.71,1.255,180.0,2.984,2.26,1.255,180.0,2.984,0.81,1.255,180.0,6.0,5.5,227.88484848484845
office6_0_164_bout,0,164,2,4.734,0.81,1.255,180.0,4.734,2.26,1.255,180.0,4.734,3.71,1.255,180.0,2.984,2.26,1.255,180.0,2.984,0.81,1.255,180.0,6.0,5.5,148.87878787878788
office6_0_246_bout,0,246,2,4.734,0.81,1.255,180.0,4.734,2.26,1.255,180.0,4.734,3.71,1.255,180.0,2.984,2.26,1.255,180.0,2.984,0.81,1.255,180.0,6.0,5.5,130.75757575757575
office6_960_82_bout,960,82,2,4.734,0.81,1.255,180.0,4.734,2.26,1.255,180.0,4.734,3.71,1.255,180.0,2.984,2.26,1.255,180.0,2.984,0.81,1.255,180.0,6.0,5.5,197.1090909090909
office6_660_0,660,0,3,4.734,0.81,1.255,180.0,4.734,2.26,1.255,180.0,4.734,3.71,1.255,180.0,2.984,2.26,1.255,180.0,2.984,0.81,1.255,180.0,6.0,5.5,215.78787878787875
office6_360_246_aout,360,246,1,4.734,0.81,1.255,180.0,4.734,2.26,1.255,180.0,4.734,3.71,1.255,180.0,2.984,2.26,1.255,180.0,2.984,0.81,1.255,180.0,6.0,5.5,195.01818181818183
office6_960_0,960,0,3,4.734,0.81,1.255,180.0,4.734,2.26,1.255,180.0,4.734,3.71,1.255,180.0,2.984,2.26,1.255,180.0,2.984,0.81,1.255,180.0,6.0,5.5,240.76363636363635
office6_960_246_bout,960,246,2,4.734,0.81,1.255,180.0,4.734,2.26,1.255,180.0,4.734,3.71,1.255,180.0,2.984,2.26,1.255,180.0,2.984,0.81,1.255,180.0,6.0,5.5,218.05454545454543
office14_360_164_bout,360,164,2,1.91,3.166,1.255,90.0,3.36,3.166,1.255,90.0,1.91,1.266,1.255,90.0,3.36,1.266,1.255,90.0,4.81,1.266,1.255,90.0,7.0,6.0,119.7095238095238
office14_660_246_aout,660,246,1,1.91,3.166,1.255,90.0,3.36,3.166,1.255,90.0,1.91,1.266,1.255,90.0,3.36,1.266,1.255,90.0,4.81,1.266,1.255,90.0,7.0,6.0,132.09047619047618
office14_660_82_bout,660,82,2,1.91,3.166,1.255,90.0,3.36,3.166,1.255,90.0,1.91,1.266,1.255,90.0,3.36,1.266,1.255,90.0,4.81,1.266,1.255,90.0,7.0,6.0,130.16190476190476
office14_660_82_aout,660,82,1,1.91,3.166,1.255,90.0,3.36,3.166,1.255,90.0,1.91,1.266,1.255,90.0,3.36,1.266,1.255,90.0,4.81,1.266,1.255,90.0,7.0,6.0,144.77142857142854
office14_660_164_bout,660,164,2,1.91,3.166,1.255,90.0,3.36,3.166,1.255,90.0,1.91,1.266,1.255,90.0,3.36,1.266,1.255,90.0,4.81,1.266,1.255,90.0,7.0,6.0,138.3857142857143
office14_0_164_aout,0,164,1,1.91,3.166,1.255,90.0,3.36,3.166,1.255,90.0,1.91,1.266,1.255,90.0,3.36,1.266,1.255,90.0,4.81,1.266,1.255,90.0,7.0,6.0,146.7809523809524
office14_0_82_aout,0,82,1,1.91,3.166,1.255,90.0,3.36,3.166,1.255,90.0,1.91,1.266,1.255,90.0,3.36,1.266,1.255,90.0,4.81,1.266,1.255,90.0,7.0,6.0,150.34285714285716
office14_660_164_aout,660,164,1,1.91,3.166,1.255,90.0,3.36,3.166,1.255,90.0,1.91,1.266,1.255,90.0,3.36,1.266,1.255,90.0,4.81,1.266,1.255,90.0,7.0,6.0,140.2809523809524
office14_660_246_bout,660,246,2,1.91,3.166,1.255,90.0,3.36,3.166,1.255,90.0,1.91,1.266,1.255,90.0,3.36,1.266,1.255,90.0,4.81,1.266,1.255,90.0,7.0,6.0,144.13333333333333
office14_360_246_bout,360,246,2,1.91,3.166,1.255,90.0,3.36,3.166,1.255,90.0,1.91,1.266,1.255,90.0,3.36,1.266,1.255,90.0,4.81,1.266,1.255,90.0,7.0,6.0,159.75714285714284
office14_960_82_aout,960,82,1,1.91,3.166,1.255,90.0,3.36,3.166,1.255,90.0,1.91,1.266,1.255,90.0,3.36,1.266,1.255,90.0,4.81,1.266,1.255,90.0,7.0,6.0,121.86666666666667
office14_360_82_bout,360,82,2,1.91,3.166,1.255,90.0,3.36,3.166,1.255,90.0,1.91,1.266,1.255,90.0,3.36,1.266,1.255,90.0,4.81,1.266,1.255,90.0,7.0,6.0,148.7190476190476
office14_360_82_aout,360,82,1,1.91,3.166,1.255,90.0,3.36,3.166,1.255,90.0,1.91,1.266,1.255,90.0,3.36,1.266,1.255,90.0,4.81,1.266,1.255,90.0,7.0,6.0,148.57142857142858
office14_0_0,0,0,3,1.91,3.166,1.255,90.0,3.36,3.166,1.255,90.0,1.91,1.266,1.255,90.0,3.36,1.266,1.255,90.0,4.81,1.266,1.255,90.0,7.0,6.0,141.73333333333332
office14_960_164_bout,960,164,2,1.91,3.166,1.255,90.0,3.36,3.166,1.255,90.0,1.91,1.266,1.255,90.0,3.36,1.266,1.255,90.0,4.81,1.266,1.255,90.0,7.0,6.0,135.01904761904763
office14_0_246_aout,0,246,1,1.91,3.166,1.255,90.0,3.36,3.166,1.255,90.0,1.91,1.266,1.255,90.0,3.36,1.266,1.255,90.0,4.81,1.266,1.255,90.0,7.0,6.0,126.65714285714284
office14_360_164_aout,360,164,1,1.91,3.166,1.255,90.0,3.36,3.166,1.255,90.0,1.91,1.266,1.255,90.0,3.36,1.266,1.255,90.0,4.81,1.266,1.255,90.0,7.0,6.0,159.61904761904762
office14_360_0,360,0,3,1.91,3.166,1.255,90.0,3.36,3.166,1.255,90.0,1.91,1.266,1.255,90.0,3.36,1.266,1.255,90.0,4.81,1.266,1.255,90.0,7.0,6.0,160.0095238095238
office14_0_82_bout,0,82,2,1.91,3.166,1.255,90.0,3.36,3.166,1.255,90.0,1.91,1.266,1.255,90.0,3.36,1.266,1.255,90.0,4.81,1.266,1.255,90.0,7.0,6.0,164.64285714285717
office14_960_246_aout,960,246,1,1.91,3.166,1.255,90.0,3.36,3.166,1.255,90.0,1.91,1.266,1.255,90.0,3.36,1.266,1.255,90.0,4.81,1.266,1.255,90.0,7.0,6.0,152.6047619047619
office14_960_164_aout,960,164,1,1.91,3.166,1.255,90.0,3.36,3.166,1.255,90.0,1.91,1.266,1.255,90.0,3.36,1.266,1.255,90.0,4.81,1.266,1.255,90.0,7.0,6.0,124.71428571428572
office14_0_164_bout,0,164,2,1.91,3.166,1.255,90.0,3.36,3.166,1.255,90.0,1.91,1.266,1.255,90.0,3.36,1.266,1.255,90.0,4.81,1.266,1.255,90.0,7.0,6.0,135.9952380952381
office14_0_246_bout,0,246,2,1.91,3.166,1.255,90.0,3.36,3.166,1.255,90.0,1.91,1.266,1.255,90.0,3.36,1.266,1.255,90.0,4.81,1.266,1.255,90.0,7.0,6.0,146.7904761904762
office14_960_82_bout,960,82,2,1.91,3.166,1.255,90.0,3.36,3.166,1.255,90.0,1.91,1.266,1.255,90.0,3.36,1.266,1.255,90.0,4.81,1.266,1.255,90.0,7.0,6.0,158.2190476190476
office14_660_0,660,0,3,1.91,3.166,1.255,90.0,3.36,3.166,1.255,90.0,1.91,1.266,1.255,90.0,3.36,1.266,1.255,90.0,4.81,1.266,1.255,90.0,7.0,6.0,152.88095238095238
office14_360_246_aout,360,246,1,1.91,3.166,1.255,90.0,3.36,3.166,1.255,90.0,1.91,1.266,1.255,90.0,3.36,1.266,1.255,90.0,4.81,1.266,1.255,90.0,7.0,6.0,147.3
office14_960_0,960,0,3,1.91,3.166,1.255,90.0,3.36,3.166,1.255,90.0,1.91,1.266,1.255,90.0,3.36,1.266,1.255,90.0,4.81,1.266,1.255,90.0,7.0,6.0,153.72857142857143
office14_960_246_bout,960,246,2,1.91,3.166,1.255,90.0,3.36,3.166,1.255,90.0,1.91,1.266,1.255,90.0,3.36,1.266,1.255,90.0,4.81,1.266,1.255,90.0,7.0,6.0,154.09047619047618
office28_360_164_bout,360,164,2,1.265,3.82,1.255,0.0,2.93,2.84,1.255,90.0,4.38,2.84,1.255,90.0,4.42,4.76,1.255,270.0,2.97,4.76,1.255,270.0,9.5,6.0,138.0175438596491
office28_660_246_aout,660,246,1,1.265,3.82,1.255,0.0,2.93,2.84,1.255,90.0,4.38,2.84,1.255,90.0,4.42,4.76,1.255,270.0,2.97,4.76,1.255,270.0,9.5,6.0,125.7719298245614
office28_660_82_bout,660,82,2,1.265,3.82,1.255,0.0,2.93,2.84,1.255,90.0,4.38,2.84,1.255,90.0,4.42,4.76,1.255,270.0,2.97,4.76,1.255,270.0,9.5,6.0,117.08771929824562
office28_660_82_aout,660,82,1,1.265,3.82,1.255,0.0,2.93,2.84,1.255,90.0,4.38,2.84,1.255,90.0,4.42,4.76,1.255,270.0,2.97,4.76,1.255,270.0,9.5,6.0,127.30526315789471
office28_660_164_bout,660,164,2,1.265,3.82,1.255,0.0,2.93,2.84,1.255,90.0,4.38,2.84,1.255,90.0,4.42,4.76,1.255,270.0,2.97,4.76,1.255,270.0,9.5,6.0,131.8456140350877
office28_0_164_aout,0,164,1,1.265,3.82,1.255,0.0,2.93,2.84,1.255,90.0,4.38,2.84,1.255,90.0,4.42,4.76,1.255,270.0,2.97,4.76,1.255,270.0,9.5,6.0,109.3859649122807
office28_0_82_aout,0,82,1,1.265,3.82,1.255,0.0,2.93,2.84,1.255,90.0,4.38,2.84,1.255,90.0,4.42,4.76,1.255,270.0,2.97,4.76,1.255,270.0,9.5,6.0,106.99649122807018
office28_660_164_aout,660,164,1,1.265,3.82,1.255,0.0,2.93,2.84,1.255,90.0,4.38,2.84,1.255,90.0,4.42,4.76,1.255,270.0,2.97,4.76,1.255,270.0,9.5,6.0,113.85263157894738
office28_660_246_bout,660,246,2,1.265,3.82,1.255,0.0,2.93,2.84,1.255,90.0,4.38,2.84,1.255,90.0,4.42,4.76,1.255,270.0,2.97,4.76,1.255,270.0,9.5,6.0,125.7017543859649
office28_360_246_bout,360,246,2,1.265,3.82,1.255,0.0,2.93,2.84,1.255,90.0,4.38,2.84,1.255,90.0,4.42,4.76,1.255,270.0,2.97,4.76,1.255,270.0,9.5,6.0,116.0561403508772
office28_960_82_aout,960,82,1,1.265,3.82,1.255,0.0,2.93,2.84,1.255,90.0,4.38,2.84,1.255,90.0,4.42,4.76,1.255,270.0,2.97,4.76,1.255,270.0,9.5,6.0,122.54736842105262
office28_360_82_bout,360,82,2,1.265,3.82,1.255,0.0,2.93,2.84,1.255,90.0,4.38,2.84,1.255,90.0,4.42,4.76,1.255,270.0,2.97,4.76,1.255,270.0,9.5,6.0,131.07719298245613
office28_360_82_aout,360,82,1,1.265,3.82,1.255,0.0,2.93,2.84,1.255,90.0,4.38,2.84,1.255,90.0,4.42,4.76,1.255,270.0,2.97,4.76,1.255,270.0,9.5,6.0,116.60701754385966
office28_0_0,0,0,3,1.265,3.82,1.255,0.0,2.93,2.84,1.255,90.0,4.38,2.84,1.255,90.0,4.42,4.76,1.255,270.0,2.97,4.76,1.255,270.0,9.5,6.0,116.80701754385966
office28_960_164_bout,960,164,2,1.265,3.82,1.255,0.0,2.93,2.84,1.255,90.0,4.38,2.84,1.255,90.0,4.42,4.76,1.255,270.0,2.97,4.76,1.255,270.0,9.5,6.0,121.30175438596493
office28_0_246_aout,0,246,1,1.265,3.82,1.255,0.0,2.93,2.84,1.255,90.0,4.38,2.84,1.255,90.0,4.42,4.76,1.255,270.0,2.97,4.76,1.255,270.0,9.5,6.0,107.5719298245614
office28_360_164_aout,360,164,1,1.265,3.82,1.255,0.0,2.93,2.84,1.255,90.0,4.38,2.84,1.255,90.0,4.42,4.76,1.255,270.0,2.97,4.76,1.255,270.0,9.5,6.0,116.5157894736842
office28_360_0,360,0,3,1.265,3.82,1.255,0.0,2.93,2.84,1.255,90.0,4.38,2.84,1.255,90.0,4.42,4.76,1.255,270.0,2.97,4.76,1.255,270.0,9.5,6.0,120.83157894736844
office28_0_82_bout,0,82,2,1.265,3.82,1.255,0.0,2.93,2.84,1.255,90.0,4.38,2.84,1.255,90.0,4.42,4.76,1.255,270.0,2.97,4.76,1.255,270.0,9.5,6.0,111.7017543859649
office28_960_246_aout,960,246,1,1.265,3.82,1.255,0.0,2.93,2.84,1.255,90.0,4.38,2.84,1.255,90.0,4.42,4.76,1.255,270.0,2.97,4.76,1.255,270.0,9.5,6.0,116.16140350877193
office28_960_164_aout,960,164,1,1.265,3.82,1.255,0.0,2.93,2.84,1.255,90.0,4.38,2.84,1.255,90.0,4.42,4.76,1.255,270.0,2.97,4.76,1.255,270.0,9.5,6.0,121.70877192982456
office28_0_164_bout,0,164,2,1.265,3.82,1.255,0.0,2.93,2.84,1.255,90.0,4.38,2.84,1.255,90.0,4.42,4.76,1.255,270.0,2.97,4.76,1.255,270.0,9.5,6.0,116.2421052631579
office28_0_246_bout,0,246,2,1.265,3.82,1.255,0.0,2.93,2.84,1.255,90.0,4.38,2.84,1.255,90.0,4.42,4.76,1.255,270.0,2.97,4.76,1.255,270.0,9.5,6.0,115.8315789473684
office28_960_82_bout,960,82,2,1.265,3.82,1.255,0.0,2.93,2.84,1.255,90.0,4.38,2.84,1.255,90.0,4.42,4.76,1.255,270.0,2.97,4.76,1.255,270.0,9.5,6.0,131.61052631578946
office28_660_0,660,0,3,1.265,3.82,1.255,0.0,2.93,2.84,1.255,90.0,4.38,2.84,1.255,90.0,4.42,4.76,1.255,270.0,2.97,4.76,1.255,270.0,9.5,6.0,107.0280701754386
office28_360_246_aout,360,246,1,1.265,3.82,1.255,0.0,2.93,2.84,1.255,90.0,4.38,2.84,1.255,90.0,4.42,4.76,1.255,270.0,2.97,4.76,1.255,270.0,9.5,6.0,115.50175438596492
office28_960_0,960,0,3,1.265,3.82,1.255,0.0,2.93,2.84,1.255,90.0,4.38,2.84,1.255,90.0,4.42,4.76,1.255,270.0,2.97,4.76,1.255,270.0,9.5,6.0,123.03157894736844
office28_960_246_bout,960,246,2,1.265,3.82,1.255,0.0,2.93,2.84,1.255,90.0,4.38,2.84,1.255,90.0,4.42,4.76,1.255,270.0,2.97,4.76,1.255,270.0,9.5,6.0,140.50175438596494
office4_360_164_bout,360,164,2,5.034,4.515,1.255,90.0,3.59,4.515,1.255,90.0,2.54,0.984,1.255,270.0,3.99,0.984,1.255,270.0,5.44,0.984,1.255,270.0,6.0,5.5,149.35151515151514
office4_660_246_aout,660,246,1,5.034,4.515,1.255,90.0,3.59,4.515,1.255,90.0,2.54,0.984,1.255,270.0,3.99,0.984,1.255,270.0,5.44,0.984,1.255,270.0,6.0,5.5,152.29090909090908
office4_660_82_bout,660,82,2,5.034,4.515,1.255,90.0,3.59,4.515,1.255,90.0,2.54,0.984,1.255,270.0,3.99,0.984,1.255,270.0,5.44,0.984,1.255,270.0,6.0,5.5,129.52727272727273
office4_660_82_aout,660,82,1,5.034,4.515,1.255,90.0,3.59,4.515,1.255,90.0,2.54,0.984,1.255,270.0,3.99,0.984,1.255,270.0,5.44,0.984,1.255,270.0,6.0,5.5,162.78787878787878
office4_660_164_bout,660,164,2,5.034,4.515,1.255,90.0,3.59,4.515,1.255,90.0,2.54,0.984,1.255,270.0,3.99,0.984,1.255,270.0,5.44,0.984,1.255,270.0,6.0,5.5,178.1212121212121
office4_0_164_aout,0,164,1,5.034,4.515,1.255,90.0,3.59,4.515,1.255,90.0,2.54,0.984,1.255,270.0,3.99,0.984,1.255,270.0,5.44,0.984,1.255,270.0,6.0,5.5,129.5151515151515
office4_0_82_aout,0,82,1,5.034,4.515,1.255,90.0,3.59,4.515,1.255,90.0,2.54,0.984,1.255,270.0,3.99,0.984,1.255,270.0,5.44,0.984,1.255,270.0,6.0,5.5,148.3212121212121
office4_660_164_aout,660,164,1,5.034,4.515,1.255,90.0,3.59,4.515,1.255,90.0,2.54,0.984,1.255,270.0,3.99,0.984,1.255,270.0,5.44,0.984,1.255,270.0,6.0,5.5,156.84848484848482
office4_660_246_bout,660,246,2,5.034,4.515,1.255,90.0,3.59,4.515,1.255,90.0,2.54,0.984,1.255,270.0,3.99,0.984,1.255,270.0,5.44,0.984,1.255,270.0,6.0,5.5,169.7939393939394
office4_360_246_bout,360,246,2,5.034,4.515,1.255,90.0,3.59,4.515,1.255,90.0,2.54,0.984,1.255,270.0,3.99,0.984,1.255,270.0,5.44,0.984,1.255,270.0,6.0,5.5,156.769696969697
office4_960_82_aout,960,82,1,5.034,4.515,1.255,90.0,3.59,4.515,1.255,90.0,2.54,0.984,1.255,270.0,3.99,0.984,1.255,270.0,5.44,0.984,1.255,270.0,6.0,5.5,168.05454545454546
office4_360_82_bout,360,82,2,5.034,4.515,1.255,90.0,3.59,4.515,1.255,90.0,2.54,0.984,1.255,270.0,3.99,0.984,1.255,270.0,5.44,0.984,1.255,270.0,6.0,5.5,140.64848484848486
office4_360_82_aout,360,82,1,5.034,4.515,1.255,90.0,3.59,4.515,1.255,90.0,2.54,0.984,1.255,270.0,3.99,0.984,1.255,270.0,5.44,0.984,1.255,270.0,6.0,5.5,154.2
office4_0_0,0,0,3,5.034,4.515,1.255,90.0,3.59,4.515,1.255,90.0,2.54,0.984,1.255,270.0,3.99,0.984,1.255,270.0,5.44,0.984,1.255,270.0,6.0,5.5,152.8
office4_960_164_bout,960,164,2,5.034,4.515,1.255,90.0,3.59,4.515,1.255,90.0,2.54,0.984,1.255,270.0,3.99,0.984,1.255,270.0,5.44,0.984,1.255,270.0,6.0,5.5,164.8909090909091
office4_0_246_aout,0,246,1,5.034,4.515,1.255,90.0,3.59,4.515,1.255,90.0,2.54,0.984,1.255,270.0,3.99,0.984,1.255,270.0,5.44,0.984,1.255,270.0,6.0,5.5,180.5818181818182
office4_360_164_aout,360,164,1,5.034,4.515,1.255,90.0,3.59,4.515,1.255,90.0,2.54,0.984,1.255,270.0,3.99,0.984,1.255,270.0,5.44,0.984,1.255,270.0,6.0,5.5,140.52121212121213
office4_360_0,360,0,3,5.034,4.515,1.255,90.0,3.59,4.515,1.255,90.0,2.54,0.984,1.255,270.0,3.99,0.984,1.255,270.0,5.44,0.984,1.255,270.0,6.0,5.5,156.39393939393938
office4_0_82_bout,0,82,2,5.034,4.515,1.255,90.0,3.59,4.515,1.255,90.0,2.54,0.984,1.255,270.0,3.99,0.984,1.255,270.0,5.44,0.984,1.255,270.0,6.0,5.5,151.08484848484846
office4_960_246_aout,960,246,1,5.034,4.515,1.255,90.0,3.59,4.515,1.255,90.0,2.54,0.984,1.255,270.0,3.99,0.984,1.255,270.0,5.44,0.984,1.255,270.0,6.0,5.5,164.01818181818183
office4_960_164_aout,960,164,1,5.034,4.515,1.255,90.0,3.59,4.515,1.255,90.0,2.54,0.984,1.255,270.0,3.99,0.984,1.255,270.0,5.44,0.984,1.255,270.0,6.0,5.5,179.6909090909091
office4_0_164_bout,0,164,2,5.034,4.515,1.255,90.0,3.59,4.515,1.255,90.0,2.54,0.984,1.255,270.0,3.99,0.984,1.255,270.0,5.44,0.984,1.255,270.0,6.0,5.5,176.44242424242424
office4_0_246_bout,0,246,2,5.034,4.515,1.255,90.0,3.59,4.515,1.255,90.0,2.54,0.984,1.255,270.0,3.99,0.984,1.255,270.0,5.44,0.984,1.255,270.0,6.0,5.5,151.37575757575758
office4_960_82_bout,960,82,2,5.034,4.515,1.255,90.0,3.59,4.515,1.255,90.0,2.54,0.984,1.255,270.0,3.99,0.984,1.255,270.0,5.44,0.984,1.255,270.0,6.0,5.5,175.55151515151516
office4_660_0,660,0,3,5.034,4.515,1.255,90.0,3.59,4.515,1.255,90.0,2.54,0.984,1.255,270.0,3.99,0.984,1.255,270.0,5.44,0.984,1.255,270.0,6.0,5.5,160.47878787878787
office4_360_246_aout,360,246,1,5.034,4.515,1.255,90.0,3.59,4.515,1.255,90.0,2.54,0.984,1.255,270.0,3.99,0.984,1.255,270.0,5.44,0.984,1.255,270.0,6.0,5.5,143.8363636363636
office4_960_0,960,0,3,5.034,4.515,1.255,90.0,3.59,4.515,1.255,90.0,2.54,0.984,1.255,270.0,3.99,0.984,1.255,270.0,5.44,0.984,1.255,270.0,6.0,5.5,146.9818181818182
office4_960_246_bout,960,246,2,5.034,4.515,1.255,90.0,3.59,4.515,1.255,90.0,2.54,0.984,1.255,270.0,3.99,0.984,1.255,270.0,5.44,0.984,1.255,270.0,6.0,5.5,186.44242424242424
office7_360_164_bout,360,164,2,1.266,2.29,1.255,0.0,3.14,3.059,1.255,270.0,4.59,3.059,1.255,270.0,4.21,1.141,1.255,90.0,2.76,1.141,1.255,90.0,9.0,4.0,162.15555555555554
office7_660_246_aout,660,246,1,1.266,2.29,1.255,0.0,3.14,3.059,1.255,270.0,4.59,3.059,1.255,270.0,4.21,1.141,1.255,90.0,2.76,1.141,1.255,90.0,9.0,4.0,190.5
office7_660_82_bout,660,82,2,1.266,2.29,1.255,0.0,3.14,3.059,1.255,270.0,4.59,3.059,1.255,270.0,4.21,1.141,1.255,90.0,2.76,1.141,1.255,90.0,9.0,4.0,192.86666666666667
office7_660_82_aout,660,82,1,1.266,2.29,1.255,0.0,3.14,3.059,1.255,270.0,4.59,3.059,1.255,270.0,4.21,1.141,1.255,90.0,2.76,1.141,1.255,90.0,9.0,4.0,188.86111111111111
office7_660_164_bout,660,164,2,1.266,2.29,1.255,0.0,3.14,3.059,1.255,270.0,4.59,3.059,1.255,270.0,4.21,1.141,1.255,90.0,2.76,1.141,1.255,90.0,9.0,4.0,202.48333333333332
office7_0_164_aout,0,164,1,1.266,2.29,1.255,0.0,3.14,3.059,1.255,270.0,4.59,3.059,1.255,270.0,4.21,1.141,1.255,90.0,2.76,1.141,1.255,90.0,9.0,4.0,194.57222222222225
office7_0_82_aout,0,82,1,1.266,2.29,1.255,0.0,3.14,3.059,1.255,270.0,4.59,3.059,1.255,270.0,4.21,1.141,1.255,90.0,2.76,1.141,1.255,90.0,9.0,4.0,189.35555555555555
office7_660_164_aout,660,164,1,1.266,2.29,1.255,0.0,3.14,3.059,1.255,270.0,4.59,3.059,1.255,270.0,4.21,1.141,1.255,90.0,2.76,1.141,1.255,90.0,9.0,4.0,186.66666666666669
office7_660_246_bout,660,246,2,1.266,2.29,1.255,0.0,3.14,3.059,1.255,270.0,4.59,3.059,1.255,270.0,4.21,1.141,1.255,90.0,2.76,1.141,1.255,90.0,9.0,4.0,215.9
office7_360_246_bout,360,246,2,1.266,2.29,1.255,0.0,3.14,3.059,1.255,270.0,4.59,3.059,1.255,270.0,4.21,1.141,1.255,90.0,2.76,1.141,1.255,90.0,9.0,4.0,164.82222222222225
office7_960_82_aout,960,82,1,1.266,2.29,1.255,0.0,3.14,3.059,1.255,270.0,4.59,3.059,1.255,270.0,4.21,1.141,1.255,90.0,2.76,1.141,1.255,90.0,9.0,4.0,203.4
office7_360_82_bout,360,82,2,1.266,2.29,1.255,0.0,3.14,3.059,1.255,270.0,4.59,3.059,1.255,270.0,4.21,1.141,1.255,90.0,2.76,1.141,1.255,90.0,9.0,4.0,172.6222222222222
office7_360_82_aout,360,82,1,1.266,2.29,1.255,0.0,3.14,3.059,1.255,270.0,4.59,3.059,1.255,270.0,4.21,1.141,1.255,90.0,2.76,1.141,1.255,90.0,9.0,4.0,180.90000000000003
office7_0_0,0,0,3,1.266,2.29,1.255,0.0,3.14,3.059,1.255,270.0,4.59,3.059,1.255,270.0,4.21,1.141,1.255,90.0,2.76,1.141,1.255,90.0,9.0,4.0,190.28333333333336
office7_960_164_bout,960,164,2,1.266,2.29,1.255,0.0,3.14,3.059,1.255,270.0,4.59,3.059,1.255,270.0,4.21,1.141,1.255,90.0,2.76,1.141,1.255,90.0,9.0,4.0,196.16111111111115
office7_0_246_aout,0,246,1,1.266,2.29,1.255,0.0,3.14,3.059,1.255,270.0,4.59,3.059,1.255,270.0,4.21,1.141,1.255,90.0,2.76,1.141,1.255,90.0,9.0,4.0,202.81666666666663
office7_360_164_aout,360,164,1,1.266,2.29,1.255,0.0,3.14,3.059,1.255,270.0,4.59,3.059,1.255,270.0,4.21,1.141,1.255,90.0,2.76,1.141,1.255,90.0,9.0,4.0,165.45
office7_360_0,360,0,3,1.266,2.29,1.255,0.0,3.14,3.059,1.255,270.0,4.59,3.059,1.255,270.0,4.21,1.141,1.255,90.0,2.76,1.141,1.255,90.0,9.0,4.0,156.09444444444443
office7_0_82_bout,0,82,2,1.266,2.29,1.255,0.0,3.14,3.059,1.255,270.0,4.59,3.059,1.255,270.0,4.21,1.141,1.255,90.0,2.76,1.141,1.255,90.0,9.0,4.0,178.68333333333334
office7_960_246_aout,960,246,1,1.266,2.29,1.255,0.0,3.14,3.059,1.255,270.0,4.59,3.059,1.255,270.0,4.21,1.141,1.255,90.0,2.76,1.141,1.255,90.0,9.0,4.0,192.0833333333333
office7_960_164_aout,960,164,1,1.266,2.29,1.255,0.0,3.14,3.059,1.255,270.0,4.59,3.059,1.255,270.0,4.21,1.141,1.255,90.0,2.76,1.141,1.255,90.0,9.0,4.0,196.11666666666667
office7_0_164_bout,0,164,2,1.266,2.29,1.255,0.0,3.14,3.059,1.255,270.0,4.59,3.059,1.255,270.0,4.21,1.141,1.255,90.0,2.76,1.141,1.255,90.0,9.0,4.0,191.3
office7_0_246_bout,0,246,2,1.266,2.29,1.255,0.0,3.14,3.059,1.255,270.0,4.59,3.059,1.255,270.0,4.21,1.141,1.255,90.0,2.76,1.141,1.255,90.0,9.0,4.0,192.2333333333333
office7_960_82_bout,960,82,2,1.266,2.29,1.255,0.0,3.14,3.059,1.255,270.0,4.59,3.059,1.255,270.0,4.21,1.141,1.255,90.0,2.76,1.141,1.255,90.0,9.0,4.0,209.7277777777778
office7_660_0,660,0,3,1.266,2.29,1.255,0.0,3.14,3.059,1.255,270.0,4.59,3.059,1.255,270.0,4.21,1.141,1.255,90.0,2.76,1.141,1.255,90.0,9.0,4.0,183.9388888888889
office7_360_246_aout,360,246,1,1.266,2.29,1.255,0.0,3.14,3.059,1.255,270.0,4.59,3.059,1.255,270.0,4.21,1.141,1.255,90.0,2.76,1.141,1.255,90.0,9.0,4.0,179.8388888888889
office7_960_0,960,0,3,1.266,2.29,1.255,0.0,3.14,3.059,1.255,270.0,4.59,3.059,1.255,270.0,4.21,1.141,1.255,90.0,2.76,1.141,1.255,90.0,9.0,4.0,204.1222222222222
office7_960_246_bout,960,246,2,1.266,2.29,1.255,0.0,3.14,3.059,1.255,270.0,4.59,3.059,1.255,270.0,4.21,1.141,1.255,90.0,2.76,1.141,1.255,90.0,9.0,4.0,205.7888888888889
office5_360_164_bout,360,164,2,4.19,3.575,1.255,90.0,2.74,3.575,1.255,90.0,1.31,1.266,1.255,90.0,2.76,1.266,1.255,90.0,4.21,1.266,1.255,90.0,6.0,5.5,184.36969696969692
office5_660_246_aout,660,246,1,4.19,3.575,1.255,90.0,2.74,3.575,1.255,90.0,1.31,1.266,1.255,90.0,2.76,1.266,1.255,90.0,4.21,1.266,1.255,90.0,6.0,5.5,196.3030303030303
office5_660_82_bout,660,82,2,4.19,3.575,1.255,90.0,2.74,3.575,1.255,90.0,1.31,1.266,1.255,90.0,2.76,1.266,1.255,90.0,4.21,1.266,1.255,90.0,6.0,5.5,182.71515151515152
office5_660_82_aout,660,82,1,4.19,3.575,1.255,90.0,2.74,3.575,1.255,90.0,1.31,1.266,1.255,90.0,2.76,1.266,1.255,90.0,4.21,1.266,1.255,90.0,6.0,5.5,215.1090909090909
office5_660_164_bout,660,164,2,4.19,3.575,1.255,90.0,2.74,3.575,1.255,90.0,1.31,1.266,1.255,90.0,2.76,1.266,1.255,90.0,4.21,1.266,1.255,90.0,6.0,5.5,235.13333333333333
office5_0_164_aout,0,164,1,4.19,3.575,1.255,90.0,2.74,3.575,1.255,90.0,1.31,1.266,1.255,90.0,2.76,1.266,1.255,90.0,4.21,1.266,1.255,90.0,6.0,5.5,193.41818181818184
office5_0_82_aout,0,82,1,4.19,3.575,1.255,90.0,2.74,3.575,1.255,90.0,1.31,1.266,1.255,90.0,2.76,1.266,1.255,90.0,4.21,1.266,1.255,90.0,6.0,5.5,178.47272727272727
office5_660_164_aout,660,164,1,4.19,3.575,1.255,90.0,2.74,3.575,1.255,90.0,1.31,1.266,1.255,90.0,2.76,1.266,1.255,90.0,4.21,1.266,1.255,90.0,6.0,5.5,201.12121212121207
office5_660_246_bout,660,246,2,4.19,3.575,1.255,90.0,2.74,3.575,1.255,90.0,1.31,1.266,1.255,90.0,2.76,1.266,1.255,90.0,4.21,1.266,1.255,90.0,6.0,5.5,201.4909090909091
office5_360_246_bout,360,246,2,4.19,3.575,1.255,90.0,2.74,3.575,1.255,90.0,1.31,1.266,1.255,90.0,2.76,1.266,1.255,90.0,4.21,1.266,1.255,90.0,6.0,5.5,186.1878787878788
office5_960_82_aout,960,82,1,4.19,3.575,1.255,90.0,2.74,3.575,1.255,90.0,1.31,1.266,1.255,90.0,2.76,1.266,1.255,90.0,4.21,1.266,1.255,90.0,6.0,5.5,196.42424242424244
office5_360_82_bout,360,82,2,4.19,3.575,1.255,90.0,2.74,3.575,1.255,90.0,1.31,1.266,1.255,90.0,2.76,1.266,1.255,90.0,4.21,1.266,1.255,90.0,6.0,5.5,165.6181818181818
office5_360_82_aout,360,82,1,4.19,3.575,1.255,90.0,2.74,3.575,1.255,90.0,1.31,1.266,1.255,90.0,2.76,1.266,1.255,90.0,4.21,1.266,1.255,90.0,6.0,5.5,181.6848484848485
office5_0_0,0,0,3,4.19,3.575,1.255,90.0,2.74,3.575,1.255,90.0,1.31,1.266,1.255,90.0,2.76,1.266,1.255,90.0,4.21,1.266,1.255,90.0,6.0,5.5,156.66666666666669
office5_960_164_bout,960,164,2,4.19,3.575,1.255,90.0,2.74,3.575,1.255,90.0,1.31,1.266,1.255,90.0,2.76,1.266,1.255,90.0,4.21,1.266,1.255,90.0,6.0,5.5,204.72727272727275
office5_0_246_aout,0,246,1,4.19,3.575,1.255,90.0,2.74,3.575,1.255,90.0,1.31,1.266,1.255,90.0,2.76,1.266,1.255,90.0,4.21,1.266,1.255,90.0,6.0,5.5,175.6
office5_360_164_aout,360,164,1,4.19,3.575,1.255,90.0,2.74,3.575,1.255,90.0,1.31,1.266,1.255,90.0,2.76,1.266,1.255,90.0,4.21,1.266,1.255,90.0,6.0,5.5,203.86666666666665
office5_360_0,360,0,3,4.19,3.575,1.255,90.0,2.74,3.575,1.255,90.0,1.31,1.266,1.255,90.0,2.76,1.266,1.255,90.0,4.21,1.266,1.255,90.0,6.0,5.5,179.95757575757574
office5_0_82_bout,0,82,2,4.19,3.575,1.255,90.0,2.74,3.575,1.255,90.0,1.31,1.266,1.255,90.0,2.76,1.266,1.255,90.0,4.21,1.266,1.255,90.0,6.0,5.5,171.4121212121212
office5_960_246_aout,960,246,1,4.19,3.575,1.255,90.0,2.74,3.575,1.255,90.0,1.31,1.266,1.255,90.0,2.76,1.266,1.255,90.0,4.21,1.266,1.255,90.0,6.0,5.5,216.73939393939395
office5_960_164_aout,960,164,1,4.19,3.575,1.255,90.0,2.74,3.575,1.255,90.0,1.31,1.266,1.255,90.0,2.76,1.266,1.255,90.0,4.21,1.266,1.255,90.0,6.0,5.5,202.58181818181816
office5_0_164_bout,0,164,2,4.19,3.575,1.255,90.0,2.74,3.575,1.255,90.0,1.31,1.266,1.255,90.0,2.76,1.266,1.255,90.0,4.21,1.266,1.255,90.0,6.0,5.5,170.84242424242424
office5_0_246_bout,0,246,2,4.19,3.575,1.255,90.0,2.74,3.575,1.255,90.0,1.31,1.266,1.255,90.0,2.76,1.266,1.255,90.0,4.21,1.266,1.255,90.0,6.0,5.5,191.8
office5_960_82_bout,960,82,2,4.19,3.575,1.255,90.0,2.74,3.575,1.255,90.0,1.31,1.266,1.255,90.0,2.76,1.266,1.255,90.0,4.21,1.266,1.255,90.0,6.0,5.5,209.83636363636364
office5_660_0,660,0,3,4.19,3.575,1.255,90.0,2.74,3.575,1.255,90.0,1.31,1.266,1.255,90.0,2.76,1.266,1.255,90.0,4.21,1.266,1.255,90.0,6.0,5.5,203.84242424242424
office5_360_246_aout,360,246,1,4.19,3.575,1.255,90.0,2.74,3.575,1.255,90.0,1.31,1.266,1.255,90.0,2.76,1.266,1.255,90.0,4.21,1.266,1.255,90.0,6.0,5.5,172.53939393939396
office5_960_0,960,0,3,4.19,3.575,1.255,90.0,2.74,3.575,1.255,90.0,1.31,1.266,1.255,90.0,2.76,1.266,1.255,90.0,4.21,1.266,1.255,90.0,6.0,5.5,180.96363636363637
office5_960_246_bout,960,246,2,4.19,3.575,1.255,90.0,2.74,3.575,1.255,90.0,1.31,1.266,1.255,90.0,2.76,1.266,1.255,90.0,4.21,1.266,1.255,90.0,6.0,5.5,200.33939393939397
office22_360_164_bout,360,164,2,3.57,4.235,1.255,270.0,5.02,4.235,1.255,270.0,2.73,2.315,1.255,90.0,4.18,2.315,1.255,90.0,5.63,2.315,1.255,90.0,8.5,6.5,101.89321266968324
office22_660_246_aout,660,246,1,3.57,4.235,1.255,270.0,5.02,4.235,1.255,270.0,2.73,2.315,1.255,90.0,4.18,2.315,1.255,90.0,5.63,2.315,1.255,90.0,8.5,6.5,96.3076923076923
office22_660_82_bout,660,82,2,3.57,4.235,1.255,270.0,5.02,4.235,1.255,270.0,2.73,2.315,1.255,90.0,4.18,2.315,1.255,90.0,5.63,2.315,1.255,90.0,8.5,6.5,79.54389140271493
office22_660_82_aout,660,82,1,3.57,4.235,1.255,270.0,5.02,4.235,1.255,270.0,2.73,2.315,1.255,90.0,4.18,2.315,1.255,90.0,5.63,2.315,1.255,90.0,8.5,6.5,69.65067873303167
office22_660_164_bout,660,164,2,3.57,4.235,1.255,270.0,5.02,4.235,1.255,270.0,2.73,2.315,1.255,90.0,4.18,2.315,1.255,90.0,5.63,2.315,1.255,90.0,8.5,6.5,90.76199095022623
office22_0_164_aout,0,164,1,3.57,4.235,1.255,270.0,5.02,4.235,1.255,270.0,2.73,2.315,1.255,90.0,4.18,2.315,1.255,90.0,5.63,2.315,1.255,90.0,8.5,6.5,104.05429864253392
office22_0_82_aout,0,82,1,3.57,4.235,1.255,270.0,5.02,4.235,1.255,270.0,2.73,2.315,1.255,90.0,4.18,2.315,1.255,90.0,5.63,2.315,1.255,90.0,8.5,6.5,122.33122171945702
office22_660_164_aout,660,164,1,3.57,4.235,1.255,270.0,5.02,4.235,1.255,270.0,2.73,2.315,1.255,90.0,4.18,2.315,1.255,90.0,5.63,2.315,1.255,90.0,8.5,6.5,79.83348416289593
office22_660_246_bout,660,246,2,3.57,4.235,1.255,270.0,5.02,4.235,1.255,270.0,2.73,2.315,1.255,90.0,4.18,2.315,1.255,90.0,5.63,2.315,1.255,90.0,8.5,6.5,94.3239819004525
office22_360_246_bout,360,246,2,3.57,4.235,1.255,270.0,5.02,4.235,1.255,270.0,2.73,2.315,1.255,90.0,4.18,2.315,1.255,90.0,5.63,2.315,1.255,90.0,8.5,6.5,86.98280542986427
office22_960_82_aout,960,82,1,3.57,4.235,1.255,270.0,5.02,4.235,1.255,270.0,2.73,2.315,1.255,90.0,4.18,2.315,1.255,90.0,5.63,2.315,1.255,90.0,8.5,6.5,83.58371040723983
office22_360_82_bout,360,82,2,3.57,4.235,1.255,270.0,5.02,4.235,1.255,270.0,2.73,2.315,1.255,90.0,4.18,2.315,1.255,90.0,5.63,2.315,1.255,90.0,8.5,6.5,65.83529411764707
office22_360_82_aout,360,82,1,3.57,4.235,1.255,270.0,5.02,4.235,1.255,270.0,2.73,2.315,1.255,90.0,4.18,2.315,1.255,90.0,5.63,2.315,1.255,90.0,8.5,6.5,96.03257918552036
office22_0_0,0,0,3,3.57,4.235,1.255,270.0,5.02,4.235,1.255,270.0,2.73,2.315,1.255,90.0,4.18,2.315,1.255,90.0,5.63,2.315,1.255,90.0,8.5,6.5,102.25520361990952
office22_960_164_bout,960,164,2,3.57,4.235,1.255,270.0,5.02,4.235,1.255,270.0,2.73,2.315,1.255,90.0,4.18,2.315,1.255,90.0,5.63,2.315,1.255,90.0,8.5,6.5,100.01809954751133
office22_0_246_aout,0,246,1,3.57,4.235,1.255,270.0,5.02,4.235,1.255,270.0,2.73,2.315,1.255,90.0,4.18,2.315,1.255,90.0,5.63,2.315,1.255,90.0,8.5,6.5,108.74932126696834
office22_360_164_aout,360,164,1,3.57,4.235,1.255,270.0,5.02,4.235,1.255,270.0,2.73,2.315,1.255,90.0,4.18,2.315,1.255,90.0,5.63,2.315,1.255,90.0,8.5,6.5,80.05429864253394
office22_360_0,360,0,3,3.57,4.235,1.255,270.0,5.02,4.235,1.255,270.0,2.73,2.315,1.255,90.0,4.18,2.315,1.255,90.0,5.63,2.315,1.255,90.0,8.5,6.5,68.30045248868778
office22_0_82_bout,0,82,2,3.57,4.235,1.255,270.0,5.02,4.235,1.255,270.0,2.73,2.315,1.255,90.0,4.18,2.315,1.255,90.0,5.63,2.315,1.255,90.0,8.5,6.5,100.99547511312215
office22_960_246_aout,960,246,1,3.57,4.235,1.255,270.0,5.02,4.235,1.255,270.0,2.73,2.315,1.255,90.0,4.18,2.315,1.255,90.0,5.63,2.315,1.255,90.0,8.5,6.5,96.289592760181
office22_960_164_aout,960,164,1,3.57,4.235,1.255,270.0,5.02,4.235,1.255,270.0,2.73,2.315,1.255,90.0,4.18,2.315,1.255,90.0,5.63,2.315,1.255,90.0,8.5,6.5,101.11855203619908
office22_0_164_bout,0,164,2,3.57,4.235,1.255,270.0,5.02,4.235,1.255,270.0,2.73,2.315,1.255,90.0,4.18,2.315,1.255,90.0,5.63,2.315,1.255,90.0,8.5,6.5,128.47420814479636
office22_0_246_bout,0,246,2,3.57,4.235,1.255,270.0,5.02,4.235,1.255,270.0,2.73,2.315,1.255,90.0,4.18,2.315,1.255,90.0,5.63,2.315,1.255,90.0,8.5,6.5,127.59095022624432
office22_960_82_bout,960,82,2,3.57,4.235,1.255,270.0,5.02,4.235,1.255,270.0,2.73,2.315,1.255,90.0,4.18,2.315,1.255,90.0,5.63,2.315,1.255,90.0,8.5,6.5,103.79366515837106
office22_660_0,660,0,3,3.57,4.235,1.255,270.0,5.02,4.235,1.255,270.0,2.73,2.315,1.255,90.0,4.18,2.315,1.255,90.0,5.63,2.315,1.255,90.0,8.5,6.5,80.06515837104072
office22_360_246_aout,360,246,1,3.57,4.235,1.255,270.0,5.02,4.235,1.255,270.0,2.73,2.315,1.255,90.0,4.18,2.315,1.255,90.0,5.63,2.315,1.255,90.0,8.5,6.5,82.08506787330317
office22_960_0,960,0,3,3.57,4.235,1.255,270.0,5.02,4.235,1.255,270.0,2.73,2.315,1.255,90.0,4.18,2.315,1.255,90.0,5.63,2.315,1.255,90.0,8.5,6.5,96.9556561085973
office22_960_246_bout,960,246,2,3.57,4.235,1.255,270.0,5.02,4.235,1.255,270.0,2.73,2.315,1.255,90.0,4.18,2.315,1.255,90.0,5.63,2.315,1.255,90.0,8.5,6.5,111.59819004524886
office3_960_164_aout,960,164,1,5.016,0.94,1.255,0.0,5.016,2.39,1.255,0.0,5.016,3.84,1.255,0.0,0.985,1.99,1.255,180.0,0.985,0.54,1.255,180.0,6.0,5.5,150.22424242424242
office3_960_82_bout,960,82,2,5.016,0.94,1.255,0.0,5.016,2.39,1.255,0.0,5.016,3.84,1.255,0.0,0.985,1.99,1.255,180.0,0.985,0.54,1.255,180.0,6.0,5.5,160.02424242424246
office3_960_246_bout,960,246,2,5.016,0.94,1.255,0.0,5.016,2.39,1.255,0.0,5.016,3.84,1.255,0.0,0.985,1.99,1.255,180.0,0.985,0.54,1.255,180.0,6.0,5.5,117.87878787878788
office3_660_164_bout,660,164,2,5.016,0.94,1.255,0.0,5.016,2.39,1.255,0.0,5.016,3.84,1.255,0.0,0.985,1.99,1.255,180.0,0.985,0.54,1.255,180.0,6.0,5.5,155.8181818181818
office3_0_164_bout,0,164,2,5.016,0.94,1.255,0.0,5.016,2.39,1.255,0.0,5.016,3.84,1.255,0.0,0.985,1.99,1.255,180.0,0.985,0.54,1.255,180.0,6.0,5.5,168.43030303030304
office3_0_82_aout,0,82,1,5.016,0.94,1.255,0.0,5.016,2.39,1.255,0.0,5.016,3.84,1.255,0.0,0.985,1.99,1.255,180.0,0.985,0.54,1.255,180.0,6.0,5.5,151.33939393939394
office3_960_82_aout,960,82,1,5.016,0.94,1.255,0.0,5.016,2.39,1.255,0.0,5.016,3.84,1.255,0.0,0.985,1.99,1.255,180.0,0.985,0.54,1.255,180.0,6.0,5.5,158.2181818181818
office3_0_246_bout,0,246,2,5.016,0.94,1.255,0.0,5.016,2.39,1.255,0.0,5.016,3.84,1.255,0.0,0.985,1.99,1.255,180.0,0.985,0.54,1.255,180.0,6.0,5.5,129.6121212121212
office3_0_0,0,0,3,5.016,0.94,1.255,0.0,5.016,2.39,1.255,0.0,5.016,3.84,1.255,0.0,0.985,1.99,1.255,180.0,0.985,0.54,1.255,180.0,6.0,5.5,160.59393939393937
office3_0_82_bout,0,82,2,5.016,0.94,1.255,0.0,5.016,2.39,1.255,0.0,5.016,3.84,1.255,0.0,0.985,1.99,1.255,180.0,0.985,0.54,1.255,180.0,6.0,5.5,143.9090909090909
office3_660_246_bout,660,246,2,5.016,0.94,1.255,0.0,5.016,2.39,1.255,0.0,5.016,3.84,1.255,0.0,0.985,1.99,1.255,180.0,0.985,0.54,1.255,180.0,6.0,5.5,168.76363636363638
office3_0_246_aout,0,246,1,5.016,0.94,1.255,0.0,5.016,2.39,1.255,0.0,5.016,3.84,1.255,0.0,0.985,1.99,1.255,180.0,0.985,0.54,1.255,180.0,6.0,5.5,170.2909090909091
office3_660_164_aout,660,164,1,5.016,0.94,1.255,0.0,5.016,2.39,1.255,0.0,5.016,3.84,1.255,0.0,0.985,1.99,1.255,180.0,0.985,0.54,1.255,180.0,6.0,5.5,109.20000000000002
office3_360_82_aout,360,82,1,5.016,0.94,1.255,0.0,5.016,2.39,1.255,0.0,5.016,3.84,1.255,0.0,0.985,1.99,1.255,180.0,0.985,0.54,1.255,180.0,6.0,5.5,155.72727272727272
office3_660_246_aout,660,246,1,5.016,0.94,1.255,0.0,5.016,2.39,1.255,0.0,5.016,3.84,1.255,0.0,0.985,1.99,1.255,180.0,0.985,0.54,1.255,180.0,6.0,5.5,136.86666666666667
office3_660_82_bout,660,82,2,5.016,0.94,1.255,0.0,5.016,2.39,1.255,0.0,5.016,3.84,1.255,0.0,0.985,1.99,1.255,180.0,0.985,0.54,1.255,180.0,6.0,5.5,175.3090909090909
office3_360_164_aout,360,164,1,5.016,0.94,1.255,0.0,5.016,2.39,1.255,0.0,5.016,3.84,1.255,0.0,0.985,1.99,1.255,180.0,0.985,0.54,1.255,180.0,6.0,5.5,155.44848484848484
office3_360_0,360,0,3,5.016,0.94,1.255,0.0,5.016,2.39,1.255,0.0,5.016,3.84,1.255,0.0,0.985,1.99,1.255,180.0,0.985,0.54,1.255,180.0,6.0,5.5,169.53939393939396
office3_960_0,960,0,3,5.016,0.94,1.255,0.0,5.016,2.39,1.255,0.0,5.016,3.84,1.255,0.0,0.985,1.99,1.255,180.0,0.985,0.54,1.255,180.0,6.0,5.5,179.24242424242425
office3_660_82_aout,660,82,1,5.016,0.94,1.255,0.0,5.016,2.39,1.255,0.0,5.016,3.84,1.255,0.0,0.985,1.99,1.255,180.0,0.985,0.54,1.255,180.0,6.0,5.5,177.06060606060606
office3_0_164_aout,0,164,1,5.016,0.94,1.255,0.0,5.016,2.39,1.255,0.0,5.016,3.84,1.255,0.0,0.985,1.99,1.255,180.0,0.985,0.54,1.255,180.0,6.0,5.5,151.6909090909091
office3_360_246_bout,360,246,2,5.016,0.94,1.255,0.0,5.016,2.39,1.255,0.0,5.016,3.84,1.255,0.0,0.985,1.99,1.255,180.0,0.985,0.54,1.255,180.0,6.0,5.5,159.86666666666667
office3_960_246_aout,960,246,1,5.016,0.94,1.255,0.0,5.016,2.39,1.255,0.0,5.016,3.84,1.255,0.0,0.985,1.99,1.255,180.0,0.985,0.54,1.255,180.0,6.0,5.5,134.1818181818182
office3_960_164_bout,960,164,2,5.016,0.94,1.255,0.0,5.016,2.39,1.255,0.0,5.016,3.84,1.255,0.0,0.985,1.99,1.255,180.0,0.985,0.54,1.255,180.0,6.0,5.5,155.07272727272726
office3_360_246_aout,360,246,1,5.016,0.94,1.255,0.0,5.016,2.39,1.255,0.0,5.016,3.84,1.255,0.0,0.985,1.99,1.255,180.0,0.985,0.54,1.255,180.0,6.0,5.5,138.46666666666667
office3_360_164_bout,360,164,2,5.016,0.94,1.255,0.0,5.016,2.39,1.255,0.0,5.016,3.84,1.255,0.0,0.985,1.99,1.255,180.0,0.985,0.54,1.255,180.0,6.0,5.5,155.8969696969697
office3_660_0,660,0,3,5.016,0.94,1.255,0.0,5.016,2.39,1.255,0.0,5.016,3.84,1.255,0.0,0.985,1.99,1.255,180.0,0.985,0.54,1.255,180.0,6.0,5.5,182.64242424242423
office3_360_82_bout,360,82,2,5.016,0.94,1.255,0.0,5.016,2.39,1.255,0.0,5.016,3.84,1.255,0.0,0.985,1.99,1.255,180.0,0.985,0.54,1.255,180.0,6.0,5.5,148.4909090909091
office16_360_164_bout,360,164,2,7.735,2.505,1.255,180.0,6.26,3.485,1.255,270.0,4.81,3.485,1.255,270.0,5.86,1.566,1.255,90.0,4.41,1.566,1.255,90.0,9.0,5.0,130.73333333333332
office16_660_246_aout,660,246,1,7.735,2.505,1.255,180.0,6.26,3.485,1.255,270.0,4.81,3.485,1.255,270.0,5.86,1.566,1.255,90.0,4.41,1.566,1.255,90.0,9.0,5.0,143.0088888888889
office16_660_82_bout,660,82,2,7.735,2.505,1.255,180.0,6.26,3.485,1.255,270.0,4.81,3.485,1.255,270.0,5.86,1.566,1.255,90.0,4.41,1.566,1.255,90.0,9.0,5.0,132.5688888888889
office16_660_82_aout,660,82,1,7.735,2.505,1.255,180.0,6.26,3.485,1.255,270.0,4.81,3.485,1.255,270.0,5.86,1.566,1.255,90.0,4.41,1.566,1.255,90.0,9.0,5.0,132.28
office16_660_164_bout,660,164,2,7.735,2.505,1.255,180.0,6.26,3.485,1.255,270.0,4.81,3.485,1.255,270.0,5.86,1.566,1.255,90.0,4.41,1.566,1.255,90.0,9.0,5.0,131.5911111111111
office16_0_164_aout,0,164,1,7.735,2.505,1.255,180.0,6.26,3.485,1.255,270.0,4.81,3.485,1.255,270.0,5.86,1.566,1.255,90.0,4.41,1.566,1.255,90.0,9.0,5.0,138.1288888888889
office16_0_82_aout,0,82,1,7.735,2.505,1.255,180.0,6.26,3.485,1.255,270.0,4.81,3.485,1.255,270.0,5.86,1.566,1.255,90.0,4.41,1.566,1.255,90.0,9.0,5.0,147.1822222222222
office16_660_164_aout,660,164,1,7.735,2.505,1.255,180.0,6.26,3.485,1.255,270.0,4.81,3.485,1.255,270.0,5.86,1.566,1.255,90.0,4.41,1.566,1.255,90.0,9.0,5.0,136.7911111111111
office16_660_246_bout,660,246,2,7.735,2.505,1.255,180.0,6.26,3.485,1.255,270.0,4.81,3.485,1.255,270.0,5.86,1.566,1.255,90.0,4.41,1.566,1.255,90.0,9.0,5.0,146.2577777777778
office16_360_246_bout,360,246,2,7.735,2.505,1.255,180.0,6.26,3.485,1.255,270.0,4.81,3.485,1.255,270.0,5.86,1.566,1.255,90.0,4.41,1.566,1.255,90.0,9.0,5.0,128.1511111111111
office16_960_82_aout,960,82,1,7.735,2.505,1.255,180.0,6.26,3.485,1.255,270.0,4.81,3.485,1.255,270.0,5.86,1.566,1.255,90.0,4.41,1.566,1.255,90.0,9.0,5.0,163.27555555555557
office16_360_82_bout,360,82,2,7.735,2.505,1.255,180.0,6.26,3.485,1.255,270.0,4.81,3.485,1.255,270.0,5.86,1.566,1.255,90.0,4.41,1.566,1.255,90.0,9.0,5.0,132.2088888888889
office16_360_82_aout,360,82,1,7.735,2.505,1.255,180.0,6.26,3.485,1.255,270.0,4.81,3.485,1.255,270.0,5.86,1.566,1.255,90.0,4.41,1.566,1.255,90.0,9.0,5.0,134.93333333333334
office16_0_0,0,0,3,7.735,2.505,1.255,180.0,6.26,3.485,1.255,270.0,4.81,3.485,1.255,270.0,5.86,1.566,1.255,90.0,4.41,1.566,1.255,90.0,9.0,5.0,147.07999999999998
office16_960_164_bout,960,164,2,7.735,2.505,1.255,180.0,6.26,3.485,1.255,270.0,4.81,3.485,1.255,270.0,5.86,1.566,1.255,90.0,4.41,1.566,1.255,90.0,9.0,5.0,149.96444444444444
office16_0_246_aout,0,246,1,7.735,2.505,1.255,180.0,6.26,3.485,1.255,270.0,4.81,3.485,1.255,270.0,5.86,1.566,1.255,90.0,4.41,1.566,1.255,90.0,9.0,5.0,159.0977777777778
office16_360_164_aout,360,164,1,7.735,2.505,1.255,180.0,6.26,3.485,1.255,270.0,4.81,3.485,1.255,270.0,5.86,1.566,1.255,90.0,4.41,1.566,1.255,90.0,9.0,5.0,139.95111111111112
office16_360_0,360,0,3,7.735,2.505,1.255,180.0,6.26,3.485,1.255,270.0,4.81,3.485,1.255,270.0,5.86,1.566,1.255,90.0,4.41,1.566,1.255,90.0,9.0,5.0,121.75111111111111
office16_0_82_bout,0,82,2,7.735,2.505,1.255,180.0,6.26,3.485,1.255,270.0,4.81,3.485,1.255,270.0,5.86,1.566,1.255,90.0,4.41,1.566,1.255,90.0,9.0,5.0,170.83555555555557
office16_960_246_aout,960,246,1,7.735,2.505,1.255,180.0,6.26,3.485,1.255,270.0,4.81,3.485,1.255,270.0,5.86,1.566,1.255,90.0,4.41,1.566,1.255,90.0,9.0,5.0,166.04
office16_960_164_aout,960,164,1,7.735,2.505,1.255,180.0,6.26,3.485,1.255,270.0,4.81,3.485,1.255,270.0,5.86,1.566,1.255,90.0,4.41,1.566,1.255,90.0,9.0,5.0,140.8488888888889
office16_0_164_bout,0,164,2,7.735,2.505,1.255,180.0,6.26,3.485,1.255,270.0,4.81,3.485,1.255,270.0,5.86,1.566,1.255,90.0,4.41,1.566,1.255,90.0,9.0,5.0,151.76444444444445
office16_0_246_bout,0,246,2,7.735,2.505,1.255,180.0,6.26,3.485,1.255,270.0,4.81,3.485,1.255,270.0,5.86,1.566,1.255,90.0,4.41,1.566,1.255,90.0,9.0,5.0,156.54222222222222
office16_960_82_bout,960,82,2,7.735,2.505,1.255,180.0,6.26,3.485,1.255,270.0,4.81,3.485,1.255,270.0,5.86,1.566,1.255,90.0,4.41,1.566,1.255,90.0,9.0,5.0,152.84444444444443
office16_660_0,660,0,3,7.735,2.505,1.255,180.0,6.26,3.485,1.255,270.0,4.81,3.485,1.255,270.0,5.86,1.566,1.255,90.0,4.41,1.566,1.255,90.0,9.0,5.0,149.47111111111113
office16_360_246_aout,360,246,1,7.735,2.505,1.255,180.0,6.26,3.485,1.255,270.0,4.81,3.485,1.255,270.0,5.86,1.566,1.255,90.0,4.41,1.566,1.255,90.0,9.0,5.0,140.4088888888889
office16_960_0,960,0,3,7.735,2.505,1.255,180.0,6.26,3.485,1.255,270.0,4.81,3.485,1.255,270.0,5.86,1.566,1.255,90.0,4.41,1.566,1.255,90.0,9.0,5.0,151.88444444444443
office16_960_246_bout,960,246,2,7.735,2.505,1.255,180.0,6.26,3.485,1.255,270.0,4.81,3.485,1.255,270.0,5.86,1.566,1.255,90.0,4.41,1.566,1.255,90.0,9.0,5.0,155.32888888888888
